,name,genres,publication_date,producer,director,screenwriter,cast_member,MPA_rating,cast_member.character_role,rating
0,Top Gun: Maverick,"{'drama film', 'action film'}",2022,"{'Christopher McQuarrie', 'David Ellison', 'Jerry Bruckheimer', 'Dana Goldberg', 'Tom Cruise', 'Don Granger'}",Joseph Kosinski,"{'Justin Marks', 'Peter Craig', 'Christopher McQuarrie', 'Eric Warren Singer', 'Ashley Miller', 'Ehren Kruger', 'Zack Stentz'}","{'Ed Harris', 'Ghadir Mounib', 'Charles Parnell', 'Mark Anthony Cox', 'Glen Powell', 'Gerren Hall', 'Kara Wang', 'Tom Cruise', 'Miles Teller', 'Raymond Lee', 'Monica Barbaro', 'Val Kilmer', 'Lewis Pullman', 'Thomasin McKenzie', 'Lyliana Wray', 'Bashir Salahuddin', 'Jack Schumacher', 'Jon Hamm', 'Doug Lito', 'Jake Picking', 'Randy Davison', 'Jean Louisa Kelly', 'Bob Stephenson', 'Manny Jacinto', 'James Handy', 'Danny Ramirez', 'Jay Ellis', 'Jennifer Connelly', 'Peter Mark Kendall'}",PG-13,"{""Raymond Lee as Lt. Logan 'Yale' Lee"", ""Kara Wang as Lt. Callie 'Halo' Bassett"", ""Charles Parnell as Adm. Solomon 'Warlock' Bates"", 'Jean Louisa Kelly as Sarah Kazansky', ""Monica Barbaro as Lt. Natasha 'Phoenix' Trace"", ""Jack Schumacher as Lt. Neil 'Omaha' Vikander"", ""Ed Harris as Radm. Chester 'Hammer' Cain"", 'James Handy as Jimmy', ""Manny Jacinto as Lt. Billy 'Fritz' Avalone"", ""Val Kilmer as Adm. Tom 'Iceman' Kazansky"", ""Lewis Pullman as Lt. Robert 'Bob' Floyd"", ""Danny Ramirez as Lt. Mickey 'Fanboy' Garcia"", ""Jon Hamm as Adm. Beau 'Cyclone' Simpson"", ""Bashir Salahuddin as Wo-1. Bernie 'Hondo' Coleman"", 'Jennifer Connelly as Penny Benjamin', ""Glen Powell as Lt. Jake 'Hangman' Seresin"", ""Jake Picking as Lt. Brigham 'Harvard' Lennox"", 'Lyliana Wray as Amelia', 'Peter Mark Kendall as Simon', ""Jay Ellis as Lt. Reuben 'Payback' Fitch"", ""Tom Cruise as Capt. Pete 'Maverick' Mitchell"", ""Miles Teller as Lt. Bradley 'Rooster' Bradshaw""}",excellent
1,Doctor Strange in the Multiverse of Madness,"{'horror film', 'action film', 'adventure film', 'fantasy film', 'superhero film', 'science fiction film'}",2022,{'Kevin Feige'},Sam Raimi,{'Michael Waldron'},"{'Patrick Stewart', 'Benedict Wong', 'Hayley Atwell', 'Anson Mount', 'Charlize Theron', 'Benedict Cumberbatch', 'Julian Hilliard', 'Topo Wresniwiro', 'Michael Stuhlbarg', 'Xochitl Gomez', 'Rachel McAdams', 'John Krasinski', 'Lashana Lynch', 'Chiwetel Ejiofor', 'Elizabeth Olsen', 'Bruce Campbell', 'Sheila Atim', 'Jett Klyne'}",PG-13,"{'Bruce Campbell as Pizza Poppa', 'Julian Hilliard as Billy Maximoff', 'Jett Klyne as Tommy Maximoff', 'Sheila Atim as Sara'}",average
2,Avatar: The Way of Water,"{'speculative/fantastic fiction film', 'action film', 'adventure film', 'drama film', 'epic film', 'science fiction film'}",2022,"{'James Cameron', 'Jon Landau'}",James Cameron,"{'James Cameron', 'Josh Friedman', 'Shane Salerno', 'Rick Jaffa and Amanda Silver'}","{'Dileep Rao', 'Zoe Saldana', 'Jamie Flatters', 'Giovanni Ribisi', 'Filip Geljo', 'Joel David Moore', 'Kate Winslet', 'Keston John', 'Robert Okumu', 'Edie Falco', 'CCH Pounder', 'Sigourney Weaver', 'Duane Evans Jr.', 'Stephen Lang', 'Jack Champion', 'Sean Anthony Moran', 'Britain Dalton', 'Sam Worthington', 'Matt Gerald', 'CJ Jones', 'Jemaine Clement', 'Jennifer Stafford', 'Kevin Dorman', 'Cliff Curtis', 'Alicia Vela-Bailey', 'Bailey Bass', 'Trinity Jo-Li Bliss', 'Brendan Cowell'}",PG-13,"{'Keston John as Tarsem', ""Jennifer Stafford as Ta'unui Tsahik"", 'Alicia Vela-Bailey as Zdinarsk', 'Kevin Dorman as Mansk', 'Dileep Rao as Max Patel', 'Duane Evans Jr. as Rotxo', 'Joel David Moore as Norm Spellman', 'Matt Gerald as Lyle Wainfleet', ""Robert Okumu as Ta'unui Olo'eyktan"", 'Sean Anthony Moran as Sean Fike', 'Jemaine Clement as Dr. Ian Garvin', 'Giovanni Ribisi as Parker Selfridge', 'Brendan Cowell as Mick Scoresby', 'Edie Falco as Frances Ardmore'}",good
3,Thor: Love and Thunder,"{'superhero film', 'action film', 'adventure film', 'science fiction film'}",2022,{'Kevin Feige'},Taika Waititi,"{'Taika Waititi', 'Jennifer Kaytin Robinson'}","{'Taika Waititi', 'Cameron Chapek', 'Gemma Dart', 'Natalie Portman', 'Natasha Cheng', 'Xander Mouradian', 'Luka Bale', 'Vin Diesel', 'Rex Bale', 'Samson Alston', 'Sean Gunn', 'Jane Yubin Kim', 'David Hambly', 'Chris Hemsworth', 'Samantha Allsop', 'Pom Klementieff', 'Simon Russell Beale', 'Kieron L. Dyer', 'Yure Covich', 'Arka Das', 'Gabriel Siemer', 'Nazih Kheir', 'Evan Stanhope', 'Alan Tsibulya', 'Karen Gillan', 'Simone Landers', 'Aleph Millepied', 'Garth Wood', 'Elsa Rodrigo-Porter', 'Ava Caryofyllis', 'Sam Neill', 'Indiana Evans', 'Jessica May Lynne', 'Josh Heuston', 'Chayla Korewha', 'Alanis Long Borrello', 'Idris Elba', 'Bobby Holland Hanton', 'Jenny Morris', 'Carmen Foon', 'Dave Bautista', 'Stellan Skarsgård', 'Chris Pratt', 'Rafael Siemer', 'Jenna Owen', 'Kim Doan', 'Jaimie Alexander', 'Ben Falcone', 'Victoria Ferrara', 'Jonny Brugh', 'Mayzie Winderbaum', 'Stephen Curry', 'Victoria Zerbst', 'Alan Spies', 'Brett Goldstein', 'Chanique Greyling', 'Janessa Dufty', 'Luca Darda', 'Amala Millepied', 'Indeia Booc', 'Eliza Matengu', 'Matt Damon', 'Adam Todd', ""Matatia Foa'i"", ""Te Kainga O'Te Hinekahu Waititi"", 'Greg Mitchell', 'Dianne Close', 'Briegh Winderbaum', 'Clariza Vicente', 'Arias Vang', 'Jacob Yee', 'Elsa Pataky', 'Akosia Sabet', 'Brooke Satchwell', 'Stephen Hunter', 'Christian Bale', 'Tristan Hemsworth', 'Andrew Crawford', 'Cayla Sutherland', 'India Rose Hemsworth', 'Johnny Nasser', 'Zali Mae Harrison', 'Rosangela Fasano', 'Indiana Ierano', 'Sienna Ngeru', 'Tatyana Gillam', 'Olivia Vasquez', 'Sasha Hemsworth', 'Chloé Gouneau', 'Tessa Thompson', 'Priscilla Doueihy', 'Kat Dennings', 'Bradley Cooper', 'Luke Hemsworth', 'Shari Sebbens', 'Tui Vincent', 'Russell Crowe', 'Zia Kelly', 'Ava Rodrigo-Porter', 'Justin Paul Hitchcock', 'Bo Chambers', 'Matewa Kiritapu Waititi', 'Kaan Guldur', 'Suren Jayemanne', 'Melissa McCarthy', 'Hannah Gray', 'Carly Rees', 'Simona Paparelli', 'Jaimee Rose Lynn', 'Manny Spero', 'Ronin Fabi', 'Nicole Milinkovic', 'Ben Sinclair', 'Alan Dukes', 'Kuni Hashimoto', 'Izaac Winderbaum', 'Imaan Hadchiti', 'Daley Pearson', 'Molly Moriarty', 'Corban Ierano', 'Luc Barrett', 'Leeton Alan Ingrey', 'Nico Cortez', 'Dave Cory'}",PG-13,"{'Stephen Hunter as Fur God', 'Carmen Foon as Minerva', 'Kieron L. Dyer as Axl', 'Alan Tsibulya as Sycophant God', 'Chris Pratt as Peter Quill / Star-Lord', 'Stephen Curry as King Yakan', 'Idris Elba as Heimdall', 'Kaan Guldur as Wolfboy', 'Garth Wood as Guard', 'David Hambly as Zeus Harpist', 'Ben Falcone as Stage Manager', 'Jaimee Rose Lynn as Asgardian Kid', 'Izaac Winderbaum as Ship Tourist', 'Vin Diesel as Groot', 'Tristan Hemsworth as Kid Thor', 'Indiana Evans as Zeusette', 'Ben Sinclair as Science Friend', 'Nazih Kheir as Masked God', 'Taika Waititi as Korg / Old Kronan God', 'Andrew Crawford as Flower God', 'Samson Alston as Teenage Thor', 'Alan Dukes as US Delegate', 'Johnny Nasser as Asgardian', 'Tatyana Gillam as Zeusette', 'Olivia Vasquez as Zeusette', 'Simona Paparelli as Bao, God of Dumplings', 'Yure Covich as Guard', 'Suren Jayemanne as Asgardian Stagehand', 'Justin Paul Hitchcock as Masked God', 'Ronin Fabi as Asgardian Kid', 'Alanis Long Borrello as Ship Tourist', 'Rex Bale as Asgardian Kid', 'Nicole Milinkovic as Elche Goddess', 'Arias Vang as Asgardian Kid', 'Jane Yubin Kim as Asgardian Doctor', 'Rafael Siemer as Asgardian Kid', 'Xander Mouradian as Asgardian Kid', 'Greg Mitchell as Asgard Tourist', 'Jacob Yee as Asgardian Kid', 'Zali Mae Harrison as Asgardian Kid', 'Indeia Booc as Blue Girl', 'Tui Vincent as Alien Child', 'Jaimie Alexander as Sif', 'Indiana Ierano as Red Girl', 'Hannah Gray as Asgardian Kid', 'Melissa McCarthy as Actor Hela', 'Sam Neill as Actor Odin', 'Arka Das as Sycophant God', 'Ava Caryofyllis as Young Jane', 'Nico Cortez as Aztec God', 'Josh Heuston as Zeus Pretty Boy', 'Chris Hemsworth as Thor', 'Victoria Ferrara as Falligarian Kid', 'Mayzie Winderbaum as Ship Tourist', 'Ben Falcone as Asgardian Stage Manager', 'Dave Bautista as Drax', 'Pom Klementieff as Mantis', 'Priscilla Doueihy as Artemis God', 'Karen Gillan as Nebula', 'Amala Millepied as Asgardian Kid', 'Matewa Kiritapu Waititi as Asgardian Kid', 'Jonny Brugh as Rapu', 'Aleph Millepied as Asgardian Kid', 'Jenna Owen as Asgardian', 'Christian Bale as Gorr', 'Manny Spero as Chemo Ward Patient', 'Bobby Holland Hanton as Habooska The Horrible', 'Rosangela Fasano as Alien Woman', 'Dianne Close as Asgard Tourist', 'Ava Rodrigo-Porter as Pink Alien Sister', 'Elsa Rodrigo-Porter as Pink Alien Sister', 'Russell Crowe as Zeus', 'Tessa Thompson as King Valkyrie', 'Daley Pearson as Darryl The Tour Guide', 'Kuni Hashimoto as Jademurai God', 'Leeton Alan Ingrey as Asgardian Kid', 'Janessa Dufty as Dancing God', ""India Rose Hemsworth as Gorr's Daughter / Love"", 'Zia Kelly as Pirate Woman', 'Luca Darda as Asgardian Kid', 'Corban Ierano as Asgardian Kid', 'Dave Cory as Kronan Dwayne', 'Brett Goldstein as Hercules', 'Imaan Hadchiti as Mayan God', 'Bradley Cooper as Rocket', ""Matatia Foa'i as Guard"", 'Gemma Dart as Asgardian', 'Cameron Chapek as Baby Thor', 'Elsa Pataky as Wolf Woman', ""Eliza Matengu as Grace (Axl's Mother)"", 'Bo Chambers as Asgardian Kid', 'Adam Todd as Zeus Pretty Boy', 'Gabriel Siemer as Asgardian Kid', 'Sean Gunn as Kraglin / On-Set Rocket', 'Briegh Winderbaum as Ship Tourist', 'Natalie Portman as Jane Foster / The Mighty Thor', 'Alan Spies as Asgardian Pan Flute Player', 'Samantha Allsop as Zeusette', 'Natasha Cheng as Asgardian Stagehand', 'Evan Stanhope as Asgardian Kid', 'Chanique Greyling as Young Frigga', 'Sasha Hemsworth as Asgardian Kid', 'Shari Sebbens as Asgardian', 'Cayla Sutherland as Cocoon Girl', 'Luka Bale as Infinity Conez Vendor', 'Simon Russell Beale as Dionysus', ""Te Kainga O'Te Hinekahu Waititi as Asgardian Kid"", 'Sienna Ngeru as Asgardian Kid', 'Molly Moriarty as Asgardian Kid', 'Victoria Zerbst as Asgardian', 'Simone Landers as Asgardian Kid', 'Kim Doan as Asgardian Kid', 'Brooke Satchwell as Indigarrian Woman Glenda', 'Luke Hemsworth as Actor Thor', 'Jessica May Lynne as Asgardian Kid', 'Clariza Vicente as Goddess of the Dead', 'Carly Rees as Miek', ""Chloé Gouneau as Jane's Mother"", 'Luc Barrett as Asgardian Kid', 'Chayla Korewha as Maori Princess'}",average
4,Avatar,"{'action film', 'adventure film', 'military science fiction', 'live-action/animated film', 'science fiction film'}",2022,"{'James Cameron', 'Jon Landau'}",James Cameron,{'James Cameron'},"{'Dileep Rao', 'Ilram Choi', 'Sam Worthington', 'Zoe Saldana', 'Anthony Ingruber', 'Giovanni Ribisi', 'CCH Pounder', 'Sigourney Weaver', 'Laz Alonso', 'Matt Gerald', 'Debra Wilson', 'Stephen Lang', 'Alicia Vela-Bailey', 'Joel David Moore', 'Michelle Rodriguez', 'Peter Mensah', 'Wes Studi', 'Scott Lawrence'}",PG-13,"{'Alicia Vela-Bailey as Saeyla', 'Michelle Rodriguez as Trudy Chacón', 'Dileep Rao as Max Patel', 'Joel David Moore as Norm Spellman', 'Matt Gerald as Lyle Wainfleet', 'Giovanni Ribisi as Parker Selfridge', ""Ilram Choi as Ka'ani"", ""Laz Alonso as Tsu'tey"", 'Alicia Vela-Bailey as Ikeyni', 'Scott Lawrence as Venture Star Crew Chief', 'Peter Mensah as Akwey'}",good
5,Everything Everywhere All at Once,"{'action film', 'family film', 'martial arts film', 'psychedelic film', 'comedy drama', 'absurdist fiction', 'science fiction film'}",2022,"{'Dan Kwan', 'Daniel Scheinert', 'Mike Larocca', 'Russo brothers'}",Daniel Scheinert,"{'Dan Kwan', 'Daniel Scheinert'}","{'Jenny Slate', 'Jamie Lee Curtis', 'Stephanie Hsu', 'Tallie Medel', 'Michelle Yeoh', 'Ke Huy Quan', 'Harry Shum', 'Brian Le', 'Daniel Scheinert', 'Biff Wiff', 'James Hong', 'Andy Le', 'Efka Kvaraciejus'}",R,"{'Harry Shum as Chad', 'Stephanie Hsu as Jobu Tupaki', 'Tallie Medel as Becky Sregor', 'Stephanie Hsu as Joy Wang', 'Jenny Slate as Debbie the Dog Mom', 'James Hong as Gong Gong', 'Andy Le as Alpha Jumper – Bigger Trophy', 'Michelle Yeoh as Evelyn Wang', 'Brian Le as Alpha Jumper – Trophy', 'Biff Wiff as Rick', 'Ke Huy Quan as Waymond Wang', 'Jamie Lee Curtis as Deirdre Beaubeirdra', 'Jenny Slate as Big Nose'}",average
6,Top Gun,"{'drama film', 'romance film', 'melodrama', 'action film'}",1986,"{'Jerry Bruckheimer', 'Don Simpson'}",Tony Scott,"{'Jack Epps, Jr.', 'Jim Cash'}","{'John Stockwell', 'Whip Hubley', 'Val Kilmer', 'Michael Ironside', 'Rick Rossovich', 'Barry Tubb', 'Tom Skerritt', 'Kelly McGillis', 'James Tolkan', 'Tim Robbins', 'Adrian Pasdar', 'Anthony Edwards', 'Tom Cruise', 'Clarence Gilyard', 'Meg Ryan'}",PG,"{'John Stockwell as Lt. Bill ""Cougar"" Cortell', 'Rick Rossovich as LTJG Ron ""Slider"" Kerner', ""Val Kilmer as Lt. Tom 'Iceman' Kazansky"", 'James Tolkan as Cmdr. Tom ""Stinger"" Jardian', ""Anthony Edwards as LTJG Nick 'Goose' Bradshaw"", 'Meg Ryan as Carole Bradshaw', ""Tim Robbins as Lt. Sam 'Merlin' Wells"", 'Tom Cruise as Lt. Pete ""Maverick"" Mitchell', 'Kelly McGillis as Charlotte ""Charlie"" Blackwood', 'Adrian Pasdar as Lt. Charles ""Chipper"" Piper', ""Whip Hubley as Lt. Rick 'Hollywood' Neven"", 'Tom Skerritt as Cmdr. Mike ""Viper"" Metcalf', ""Michael Ironside as Lt. Cmdr. Rick 'Jester' Heatherly"", 'Barry Tubb as LTJG Leonard ""Wolfman"" Wolfe', 'Clarence Gilyard as LTJG Marcus ""Sundown"" Williams'}",average
7,Glass Onion: A Knives Out Mystery,"{'police film', 'mystery film', 'thriller film', 'crime film', 'drama film', 'comedy film'}",2022,"{'Ram Bergman', 'Rian Johnson'}",Rian Johnson,{'Rian Johnson'},"{'Ethan Hawke', 'Angela Lansbury', 'Leslie Odom Jr.', 'Kathryn Hahn', 'Janelle Monáe', 'Madelyn Cline', 'Kate Hudson', 'Kareem Abdul-Jabbar', 'Jackie Hoffman', 'Yo-Yo Ma', 'Daniel Craig', 'Stephen Sondheim', 'Dave Bautista', 'Joseph Gordon-Levitt', 'Dallas Roberts', 'Edward Norton', 'Jessica Henwick', 'Serena Williams', 'Noah Segan', 'Hugh Grant', 'Natasha Lyonne'}",PG-13,"{'Kathryn Hahn as Claire Debella', 'Jessica Henwick as Peg', 'Dave Bautista as Duke Cody', 'Kate Hudson as Birdie Jay', 'Leslie Odom Jr. as Lionel Toussaint', 'Janelle Monáe as Helen Brand', 'Noah Segan as Derol', 'Janelle Monáe as Andi Brand', ""Ethan Hawke as l'homme qui vaccine"", 'Dallas Roberts as Devon Debella', 'Jackie Hoffman as Ma', 'Hugh Grant as Phillip', 'Edward Norton as Miles Bron', 'Madelyn Cline as Whiskey'}",excellent
8,Elvis,"{'drama film', 'gambling film', 'biographical film', 'musical film'}",2022,"{'Gail Berman', 'Catherine Martin', 'Baz Luhrmann'}",Baz Luhrmann,"{'Baz Luhrmann', 'Craig Pearce'}","{'Kelvin Harrison Jr.', 'Tony Nixon', 'Dacre Montgomery', 'Xavier Samuel', 'Christopher Sommers', 'Mike Bingaman', 'Helen Thomson', 'Chaydon Jay', 'David Wenham', 'David Gannon', 'Josh McConville', 'Yola', 'Olivia DeJonge', 'Tom Hanks', 'Nicholas Bell', 'Natasha Bassett', 'Richard Roxburgh', 'Kodi Smit-McPhee', 'Christian McCarty', 'Kate Mulvany', 'Shonka Dukureh', 'Alton Mason', 'Gareth Davies', 'Patrick Sheare', 'Adam Dunn', 'Gary Clark Jr.', 'Alex Radu', 'Mark Leonard Winter', 'Leon Ford', 'Terepai Richmond', 'Luke Bracey', 'Austin Butler'}",PG-13,"{'Richard Roxburgh as Vernon Presley', 'Josh McConville as Sam Phillips', 'Nicholas Bell as Senator Jim Eastland', 'Olivia DeJonge as Priscilla Presley', 'Mark Leonard Winter as Tom Hulett', 'Mike Bingaman as Sonny West', 'Alex Radu as George Klein', 'Alton Mason as Little Richard', 'David Gannon as Charlie Hodge', 'Patrick Sheare as Dewey Phillips', 'Xavier Samuel as Scotty Moore', 'Austin Butler as Elvis Presley', 'Christian McCarty as Red West', 'Tom Hanks as Colonel Tom Parker', 'Christopher Sommers as Horace Logan', 'Tony Nixon as Dr. George C.Nichopoulos', 'Kodi Smit-McPhee as Jimmie Rodgers Snow', 'Helen Thomson as Gladys Presley', 'Chaydon Jay as young Elvis Presley', 'Leon Ford as Tom Diskin', 'Adam Dunn as Bill Black', 'Luke Bracey as Jerry Schilling', 'Kate Mulvany as Marion Keisker', 'Gary Clark Jr. as Arthur Crudup', 'Gareth Davies as Bones Howe', 'Yola as Sister Rosetta Tharpe', 'David Wenham as Hank Snow', 'Dacre Montgomery as Steve Binder', 'Kelvin Harrison Jr. as B. B. King', 'Natasha Bassett as Dixie Locke'}",good
9,The Batman,"{'drama fiction', 'detective film', 'action film', 'superhero film'}",2022,"{'Matt Reeves', 'Dylan Clark'}",Matt Reeves,"{'Matt Reeves', 'Peter Craig'}","{'Zoë Kravitz', 'Rodrig Andrisan', 'Jay Lycurgo', 'Robert Pattinson', 'Jimmy Star', 'Todd Boyce', 'Peter Sarsgaard', 'Ed Kear', 'Mark Killeen', 'Jayme Lawson', 'Elliot Warren', 'Elijah Baker', 'Bern Collaco', 'Charlie Carver', 'Jeffrey Wright', 'Kadrolsha Ona Carole', 'Zoltan Rencsar', 'Luke Roberts', 'Will Rowlands', 'Rupert Penry-Jones', 'Archie Barnes', 'Joseph Balderrama', 'Ruth Horrocks', 'Colin Farrell', 'Max Carver', 'Elena Saurel', 'Barry Keoghan', 'Paul Dano', ""Con O'Neill"", 'Daniel Eghan', 'Andy Serkis', 'Janine Harouni', 'John Turturro', 'Alex Ferns'}",PG-13,"{""Archie Barnes as mitchell's son""}",good
10,The Whale,"{'drama film', 'psychological drama film'}",2023,"{'Ari Handel', 'Jeremy Dawson', 'Darren Aronofsky'}",Darren Aronofsky,{'Samuel D. Hunter'},"{'Hong Chau', 'Sadie Sink', 'Samantha Morton', 'Brendan Fraser', 'Ty Simpkins'}",R,"{'Ty Simpkins as Thomas', 'Sadie Sink as Ellie', 'Brendan Fraser as Charlie', 'Hong Chau as Liz', 'Samantha Morton as Mary'}",average
11,The Gray Man,"{'thriller film', 'action film', 'action thriller', 'film based on a novel'}",2022,{'Joe Roth'},Joe Russo,"{'Stephen McFeely', 'Christopher Markus', 'Joe Russo'}","{'Ana de Armas', 'Alfre Woodard', 'Chris Evans', 'Ryan Gosling', 'Shea Whigham', 'Eme Ikwuakor', 'Julia Butters', 'Robert Kazinsky', 'Billy Bob Thornton', 'Dhanush', 'Jimmy Jean-Louis', 'DeObia Oparei', 'Jessica Henwick', 'Regé-Jean Page', 'Wagner Moura', 'Callan Mulvey'}",PG-13,"{'Ryan Gosling as Sierra Six', 'Eme Ikwuakor as Barnes', ""Shea Whigham as Six's Father"", 'Jessica Henwick as Suzanne Brewer', 'Regé-Jean Page as Denny Carmichael', 'Jimmy Jean-Louis as Alex Dumas', 'Alfre Woodard as Margaret Cahill', 'Julia Butters as Claire Fitzroy', 'Dhanush as Avik San/Lone Wolf', 'Callan Mulvey as Sierra Four', 'Billy Bob Thornton as Donald Fitzroy', 'Chris Evans as Lloyd Hansen', 'Ana de Armas as Dani Miranda', 'Wagner Moura as Laszlo Sosa', 'DeObia Oparei as Dulin', 'Robert Kazinsky as Perini'}",average
12,The Northman,"{'medieval film', 'historical film', 'epic film', 'thriller film'}",2022,"{'Lars Knudsen', 'Arnon Milchan', 'Mark Huffam'}",Robert Eggers,"{'Robert Eggers', 'Sjón'}","{'Claes Bang', 'Alexander Skarsgård', 'Ethan Hawke', 'Hafþór Júlíus Björnsson', 'Anya Taylor-Joy', 'Gustav Lindh', 'Ralph Ineson', 'Ingvar Eggert Sigurðsson', 'Olwen Fouéré', 'Ian Whyte', 'Murray McArthur', 'Nicole Kidman', 'Willem Dafoe', 'Tadhg Murphy', 'Björk', 'Eldar Skar', 'Oscar Novak', 'Kate Dickie'}",R,"{'Hafþór Júlíus Björnsson as Thorfinnr', 'Eldar Skar as Finnr the Nose-Stub', 'Murray McArthur as Hákon Ironbeard', 'Ingvar Eggert Sigurðsson as He-witch', 'Ian Whyte as the Mound Dweller', 'Ralph Ineson as Captain Volodymyr', 'Willem Dafoe as Heimir the Fool', 'Claes Bang as Fjölnir the Brotherless', 'Kate Dickie as Halldora the Pict', 'Nicole Kidman as Queen Gudrún', 'Olwen Fouéré as Ashildur Hofgythja', 'Tadhg Murphy as Eirikr Blaze-Eye', 'Alexander Skarsgård as Amleth', 'Gustav Lindh as Thorir the Proud', 'Anya Taylor-Joy as Olga of the Birch Forest', 'Ethan Hawke as King Aurvandill', 'Björk as the Seeress', 'Oscar Novak as young Amleth'}",good
13,Halloween Ends,"{'horror film', 'slasher film'}",2022,"{'Bill Block', 'Jason Blum', 'Malek Akkad'}",David Gordon Green,"{'Danny McBride', 'Paul Brad Logan', 'David Gordon Green'}","{'Andi Matichak', 'Jamie Lee Curtis', 'Judy Greer', ""Michael O'Leary"", 'James Jude Courtney', 'Omar Dorsey', 'Kyle Richards', 'Will Patton', 'Nick Castle', 'Rohan Campbell'}",R,"{'Nick Castle as The Shape', 'Judy Greer as Karen', 'James Jude Courtney as La Forme', 'Kyle Richards as Lindsey Wallace', 'Andi Matichak as Allyson', 'Will Patton as Franck Hawkins'}",average
14,The Godfather,"{'drama film', 'crime film', 'gangster film', 'film based on a novel'}",1972,{'Albert S. Ruddy'},Francis Ford Coppola,"{'Francis Ford Coppola', 'Mario Puzo'}","{'Richard Conte', 'Corrado Gaipa', 'Tony Giorgio', 'Saro Urzì', 'Carmine Coppola', 'Raymond Martino', 'Simonetta Stefanelli', 'Richard S. Castellano', 'James Caan', 'Al Lettieri', 'Gianni Russo', 'John Cazale', 'Sofia Coppola', 'Abe Vigoda', 'Alex Rocco', 'Marlon Brando', 'Sterling Hayden', 'Roman Coppola', 'John Marley', 'Nick Vallelonga', 'Robert Duvall', 'Diane Keaton', 'Victor Rendina', 'Talia Shire', 'Lenny Montana', 'Vito Scotti', 'Angelo Infanti', 'Rudy Bond', 'Franco Citti', 'Joe Spinell', 'Al Pacino', 'Richard Bright', 'Al Martino', 'Julie Gregg', 'Tony King', 'Johnny Martino', 'Ron Gilbert', 'Salvatore Corsitto', 'Morgana King'}",R,"{'Richard Conte as Barzini', 'Salvatore Corsitto as Bonasera', 'Richard S. Castellano as Clemenza', 'Corrado Gaipa as Don Tommasino', 'Johnny Martino as Paulie Gatto', 'Roman Coppola as Boy on Street', 'Tony King as Tony', 'Victor Rendina as Philip Tattaglia', 'Diane Keaton as Kay Adams', 'Joe Spinell as Willi Cicci', 'James Caan as Sonny', 'Al Martino as Johnny Fontane', 'Tony Giorgio as Bruno Tattaglia', 'Rudy Bond as Cuneo', 'Sterling Hayden as Capt. McCluskey', 'Al Pacino as Michael', 'Raymond Martino as Corleone Family Member', 'Angelo Infanti as Fabrizio', 'Richard Bright as Neri', 'Julie Gregg as Sandra Corleone', 'Robert Duvall as Tom Hagen', 'Talia Shire as Connie', 'Ron Gilbert as Usher', 'Sofia Coppola as Michael Francis Rizzi', 'Nick Vallelonga as Wedding Party Guest', 'Vito Scotti as Nazorine', 'Simonetta Stefanelli as Apollonia Vitelli-Corleone', 'Morgana King as Mama Corleone', 'Lenny Montana as Luca Brasi', 'Gianni Russo as Carlo', 'Saro Urzì as Vitelli', 'Al Lettieri as Sollozzo', 'Alex Rocco as Moe Greene', 'Franco Citti as Calò', 'John Marley as Jack Woltz', 'John Cazale as Fredo', 'Carmine Coppola as Piano Player', 'Abe Vigoda as Tessio', 'Marlon Brando as Vito Corleone'}",excellent
15,Black Panther,"{'superhero film', 'action film', 'adventure film', 'science fiction film'}",2018,{'Kevin Feige'},Ryan Coogler,"{'Joe Robert Cole', 'Ryan Coogler'}","{'Sope Aluko', 'Tony Sears', 'Roland Kilumbu', 'David S. Lee', 'Liz Elkins Newcomer', 'Danai Gurira', 'Atandwa Kani', 'Marija Juliette Abney', 'Maria Hippolyte', 'Angela Bassett', 'Danny Sapani', 'John Kani', 'Daniel Kaluuya', 'Zenzi Williams', 'Zani Mogodi', 'Sebastian Stan', 'Marie Mouroum', 'Bambadjan Bamba', 'Alex Riley Hughes', 'Chadwick Boseman', 'Abraham Clinkscales', 'Alexis Rhee', 'Winston Duke', 'Denzel Whitaker', 'Alexis Louder', 'Sasha Morfaw', 'Jeremy Sample', 'Martin Freeman', 'Jénel Stevens', 'Michael B. Jordan', 'Sydelle Noel', 'Danny Chung', 'Forest Whitaker', 'Chad Crumley', 'Isaach de Bankolé', 'Shaunette Renée Wilson', 'Shamel Heath', 'Clifford Gay', 'Connie Chiume', 'Mark Ashworth', 'Jermaine Holt', 'Dorothy Steel', 'Alex R. Hibbert', 'Florence Kasumba', 'Lucy Hockings', 'Vaughndio Forbes', 'Jalil Jay Lynch', 'Ashton Tyler', ""De'Jon Watts"", 'Francesca Faridany', 'Nabiyah Be', 'Sterling K. Brown', 'Thabo Moropane', 'Dominique Elijah Smith', ""Lupita Nyong'o"", 'Janeshia Adams-Ginyard', 'Seth Carr', 'Andy Serkis', 'Christine Hollingsworth', 'Zola Williams', 'Stan Lee', 'Letitia Wright'}",PG-13,"{'Florence Kasumba as Ayo', 'Angela Bassett as Ramonda', 'Denzel Whitaker as James/Young Zuri', 'Thabo Moropane as Wakandan Children', ""De'Jon Watts as Hot Dog Kid"", 'Shamel Heath as Basketball Kids (1992)', 'Zola Williams as Dora Milaje', 'Jénel Stevens as Dora Milaje', 'Danny Sapani as Border Tribe Elder', 'Shaunette Renée Wilson as Dora Milaje (1992)', 'Nabiyah Be as Linda', 'Danai Gurira as Okoye', 'Roland Kilumbu as Young Militant', 'Connie Chiume as Mining Tribe Elder', 'Zani Mogodi as Wakandan Children', 'Francesca Faridany as Museum Director', 'Michael B. Jordan as Erik Killmonger', ""Lupita Nyong'o as Nakia"", 'Bambadjan Bamba as Militant Leader', 'Atandwa Kani as Young T’Chaka', 'Sterling K. Brown as N’Jobu', 'Zenzi Williams as Jabari Woman', 'Alexis Rhee as Elderly Woman (Sophia)', 'Clifford Gay as Basketball Kids (1992)', 'Jalil Jay Lynch as Nigerian Militant #1', 'Seth Carr as Young Killmonger', 'Maria Hippolyte as Dora Milaje', 'Jeremy Sample as Jabari Fisherman', 'Chadwick Boseman as T’Challa/Black Panther', 'Alex Riley Hughes as Basketball Kids (1992)', 'Sydelle Noel as Dora Milaje', 'Danny Chung as Dealer', 'Forest Whitaker as Zuri', 'Stan Lee as Thirsty Gambler', 'John Kani as T’Chaka', 'Daniel Kaluuya as W’Kabi', 'Chad Crumley as South African Tough', 'Sope Aluko as Shaman', 'Winston Duke as M’Baku', 'Lucy Hockings as BBC Reporter', 'Andy Serkis as Ulysses Klaue', 'Dorothy Steel as Merchant Tribe Elder', 'Letitia Wright as Shuri', 'Jermaine Holt as Driver', 'Isaach de Bankolé as River Tribe Elder', 'Liz Elkins Newcomer as CIA Agent', 'Mark Ashworth as Security Guard', 'Marie Mouroum as Dora Milaje', 'Ashton Tyler as Young T’Challa', 'Dominique Elijah Smith as Cargo Truck Militant', 'Vaughndio Forbes as Nigerian Militant #2', 'Alexis Louder as Nigerian Woman #2', 'Christine Hollingsworth as Dora Milaje (1992)', 'Abraham Clinkscales as Oakland Kids', 'Alex R. Hibbert as Young Oakland Kid', 'Sasha Morfaw as Nigerian Woman #1', 'Tony Sears as French Ambassador', 'Janeshia Adams-Ginyard as Dora Milaje', 'David S. Lee as Limbani', 'Marija Juliette Abney as Dora Milaje', 'Martin Freeman as Everett K. Ross'}",good
16,The Banshees of Inisherin,"{'drama film', 'black comedy', 'tragicomedy', 'comedy film'}",2023,"{'Peter Czernin', 'Graham Broadbent'}",Martin McDonagh,{'Martin McDonagh'},"{'Ryan Owens', 'Bríd Ní Neachtain', 'Jon Kenny', 'Kerry Condon', 'Oliver Farrelly', 'James Carty', 'Sheila Flitton', 'Brendan Gleeson', 'Minnie', 'Lasaírfhiona Ní Chonaola', 'David Pearse', 'John Carty', 'Colin Farrell', 'Morse', 'Barry Keoghan', 'Conor Connolly', 'Jenny', 'Pat Shortt', 'Aaron Monaghan', 'Gary Lydon'}",R,"{'Kerry Condon as Siobhán Súilleabháin', ""Bríd Ní Neachtain as Mrs. O'Riordan"", 'John Carty as Older Musician 1', 'Ryan Owens as Student Musician 3', 'Colin Farrell as Pádraic Súilleabháin', 'Sheila Flitton as Mrs. McCormick', 'Minnie as Minnie the Pony', 'Brendan Gleeson as Colm Doherty', 'Gary Lydon as Peadar Kearney', 'Jenny as Jenny', 'Conor Connolly as Student Musician 2', 'Jon Kenny as Gerry', 'James Carty as Student Musician 1', 'Oliver Farrelly as Older Musician 2', 'Morse as Sammy', 'Barry Keoghan as Dominic Kearney', 'Lasaírfhiona Ní Chonaola as Female Singer', 'David Pearse as Priest', 'Pat Shortt as Jonjo Devine', 'Aaron Monaghan as Declan'}",excellent
17,No Time to Die,"{'spy film', 'thriller film', 'action film'}",2021,"{'Michael G. Wilson', 'Barbara Broccoli'}",Cary Joji Fukunaga,"{'John Hodge', 'Scott Z. Burns', 'Phoebe Waller-Bridge', 'Neal Purvis and Robert Wade'}","{'Ana de Armas', 'David Dencik', 'Billy Magnussen', 'Rory Kinnear', 'Ben Whishaw', 'Daniel Craig', 'Naomie Harris', 'Christoph Waltz', 'Ralph Fiennes', 'Lashana Lynch', 'Rami Malek', 'Jeffrey Wright', 'Léa Seydoux'}",PG-13,"{'Rami Malek as Lyutsifer Safin', 'Billy Magnussen as Logan Ash', 'Lashana Lynch as Nomi'}",good
18,Sonic the Hedgehog 2,"{'action film', 'comedy film', 'adventure film'}",2022,{'Hitoshi Okuno'},Jeff Fowler,"{'Patrick Casey', 'Josh Miller'}","{'James Marsden', 'Jim Carrey', 'Shemar Moore', 'Tika Sumpter', 'Natasha Rothwell', 'Lee Majdoub', 'Adam Pally'}",PG,"{'Shemar Moore as Randall', 'Adam Pally as Wade Whipple', 'James Marsden as Tom Wachowski', 'Tika Sumpter as Maddie Wachowski', 'Natasha Rothwell as Rachel', 'Lee Majdoub as Agent Stone'}",average
19,Avengers: Endgame,"{'speculative/fantastic fiction film', 'action film', 'adventure film', 'superhero film'}",2019,{'Kevin Feige'},Joe Russo,"{'Jack Kirby', 'Stephen McFeely', 'Christopher Markus', 'Stan Lee'}","{'Taika Waititi', 'Zoe Saldana', 'Lia Mariella Russo', 'Natalie Portman', 'Ava Russo', 'Robert Downey Jr.', 'Ross Marquand', 'Lexi Rabe', 'Sean Gunn', 'Russell Bobbitt', 'Benedict Cumberbatch', 'Chris Hemsworth', 'Jack Champion', 'Joe Russo', 'Bazlo LeClair', 'Pom Klementieff', 'Matthew Berry', 'Rene Russo', 'Gwyneth Paltrow', 'Jennifer Elmore', 'Robert Redford', 'Hayley Atwell', 'Agostino Rosalina', 'Anthony G. Breed', 'Jim Starlin', 'James Lin', 'Michael Douglas', 'Tilda Swinton', 'Jeremy Renner', 'Jon Favreau', 'Letitia Wright', 'Mike Lutz', 'Benedict Wong', 'Tom Holland', 'Karen Gillan', 'Angela Bassett', 'Sebastian Stan', 'Hiroyuki Sanada', 'Ken Jeong', 'Tom Wisdom', 'Patrick Gorman', 'Dave Bautista', 'Cobie Smulders', 'Chris Pratt', 'John Posey', 'Loen LeClair', 'Linda Cardellini', 'Emma Fuhrmann', 'Michelle Pfeiffer', 'Mark Ruffalo', 'Monique Ganderton', 'Olaniyan Thurmon', 'Samuel L. Jackson', 'Erica Ribley', 'Jamie Wedel', 'Brie Larson', 'Marisa Tomei', 'Paul Rudd', 'Tom Hiddleston', 'Michael A. Cook', 'Chadwick Boseman', 'Jackson A. Dunn', 'Don Cheadle', 'Ben Sakamoto', 'Taylor Patterson', 'Scarlett Johansson', 'William Hurt', 'Brent McGee', 'Aaron Lazar', 'Tom Vaughan-Lawlor', 'Michael James Shaw', 'Callan Mulvey', 'Brian Schaeffer', 'Chris Evans', 'Sam Hargrave', 'Yvette Nicole Brown', 'Elizabeth Olsen', 'Tessa Thompson', 'Stan Lee', 'Josh Brolin', 'Danai Gurira', 'Julian Russo', 'Robert Pralgo', 'Maximiliano Hernández', 'Frank Grillo', 'John Slattery', 'Jimmy Ray Pickens', 'Ameenah Kaplan', 'Joy McAvoy', 'Terry Notary', 'Winston Duke', 'Ty Simpkins', 'Hye Jin Jang', 'Cade Woodward', 'Evangeline Lilly', ""James D'Arcy"", 'Jacob Batalon', 'Anthony Mackie', 'Lee Moore', 'John Michael Morris'}",PG-13,"{'Emma Fuhrmann as Cassie Lang', 'John Posey as Alexander Pierce Reader', 'Jimmy Ray Pickens as Support Group Man #2', 'Maximiliano Hernández as Agent Sitwell', 'Michelle Pfeiffer as Janet Van Dyne', 'Olaniyan Thurmon as Teenage Groot Reader', 'Danai Gurira as Okoye', 'Anthony Mackie as Sam Wilson/Falcon', 'Robert Downey Jr. as Tony Stark/Iron Man', 'Bazlo LeClair as Scott Lang (Baby)', 'Lia Mariella Russo as Lia', 'Jamie Wedel as Drill Sergeant', 'Evangeline Lilly as Hope Van Dyne/Wasp', 'Zoe Saldana as Gamora', 'Jon Favreau as Happy Hogan', 'John Michael Morris as Young Hank Pym', 'Don Cheadle as James Rhodes/War Machine', 'Michael A. Cook as Male S.H.I.E.L.D. Agent', 'Jeremy Renner as Clint Barton/Hawkeye', 'Hayley Atwell as Peggy Carter', 'Ben Sakamoto as Cooper Barton', 'Ameenah Kaplan as Gamora Reader', 'Stan Lee as Driver', 'Anthony G. Breed as Young Stan Lee Double', 'Gwyneth Paltrow as Pepper Potts', 'Taika Waititi as Korg', 'Mark Ruffalo as Bruce Banner/Hulk', 'Angela Bassett as Ramonda', ""James D'Arcy as Jarvis"", 'Benedict Cumberbatch as Doctor Strange', 'Agostino Rosalina as Augie', 'Samuel L. Jackson as Nick Fury', 'Michael Douglas as Hank Pym', 'Chris Evans as Steve Rogers/Captain America', 'Tom Holland as Peter Parker/Spider-Man', 'Benedict Wong as Wong', 'Jacob Batalon as Ned', 'Monique Ganderton as On-Set Proxima Midnight', 'Julian Russo as Julian', 'Jennifer Elmore as On Set Reader #1', 'Letitia Wright as Shuri', 'Lee Moore as Scott Lang (93 Y.O.)', 'Robert Pralgo as Thanos Reader', 'Tilda Swinton as The Ancient One', 'Joe Russo as Grieving Man', 'Ross Marquand as Red Skull (Stonekeeper)', 'Chris Pratt as Peter Quill/Star-Lord', 'Hiroyuki Sanada as Akihiko', 'Erica Ribley as Car Girl', 'James Lin as Diner Cook', 'Loen LeClair as Scott Lang (Baby)', 'Chris Hemsworth as Thor', 'Joy McAvoy as Asgardian Maiden', 'Brian Schaeffer as Military Police', 'Dave Bautista as Drax', 'Pom Klementieff as Mantis', 'Karen Gillan as Nebula', 'Terry Notary as On-Set Groot/Cull Obsidian', 'Ava Russo as Lila Barton', 'Elizabeth Olsen as Wanda Maximoff /Scarlet Witch', 'Marisa Tomei as Aunt May', 'Scarlett Johansson as Natasha Romanoff/Black Widow', 'Josh Brolin as Thanos', 'Matthew Berry as S.H.I.E.L.D. Agent', 'Tessa Thompson as Valkyrie', 'Linda Cardellini as Laura Barton', 'Sebastian Stan as Bucky Barnes/Winter Soldier', 'Jack Champion as Kid on Bike', 'William Hurt as Secretary of State Thaddeus Ross', 'Aaron Lazar as Doctor Strange Double', 'Sam Hargrave as New Asgard Truck Driver', 'Jackson A. Dunn as Scott Lang (12 Y.O.)', 'Brent McGee as Camp Lehigh Guard', 'Brie Larson as Carol Danvers/Captain Marvel', 'Natalie Portman as Jane Foster', 'Robert Redford as Alexander Pierce', 'Hye Jin Jang as Japanese Girl', 'Michael James Shaw as Corvus Glaive', 'Paul Rudd as Scott Lang/Ant-Man', 'Tom Hiddleston as Loki', 'Cade Woodward as Nathaniel Barton', 'Cobie Smulders as Maria Hill', 'Tom Wisdom as Loki Reader', 'Patrick Gorman as Old Steve Rogers Double', 'Ken Jeong as Security Guard', 'Callan Mulvey as Jack Rollins', 'Russell Bobbitt as Diner Owner', 'Chadwick Boseman as T’Challa/Black Panther', 'Taylor Patterson as Taylor', 'Ty Simpkins as Harley Keener', 'Rene Russo as Frigga', 'Jim Starlin as Support Group Man #1', 'Sean Gunn as On-Set Rocket/Kraglin', 'John Slattery as Howard Stark', 'Winston Duke as M’Baku', 'Yvette Nicole Brown as S.H.I.E.L.D. Agent', 'Lexi Rabe as Morgan Stark', 'Tom Vaughan-Lawlor as Ebony Maw', 'Mike Lutz as On Set Reader #2', 'Frank Grillo as Brock Rumlow'}",good
20,American Psycho,"{'slasher film', 'comedy horror', 'thriller film', 'film based on a novel', 'crime film', 'drama film'}",2000,{'Edward R. Pressman'},Mary Harron,"{'Guinevere Turner', 'Mary Harron'}","{'Chloë Sevigny', 'Anthony Lemke', 'Christian Bale', 'Reg E. Cathey', 'Krista Sutton', 'Josh Lucas', 'Willem Dafoe', 'Matt Ross', 'Samantha Mathis', 'Justin Theroux', 'Bill Sage', 'Cara Seymour', 'Reese Witherspoon', 'Patricia Gage', 'Guinevere Turner', 'Jared Leto'}",R,"{'Justin Theroux as Timothy Bryce', 'Reese Witherspoon as Evelyn Williams', 'Josh Lucas as Craig McDermott', 'Samantha Mathis as Courtney Rawlinson', 'Bill Sage as David Van Patten', 'Chloë Sevigny as Jean', 'Jared Leto as Paul Allen', 'Willem Dafoe as Donald Kimball'}",average
21,Titanic,"{'romance film', 'disaster film', 'flashback film', 'melodrama', 'drama film'}",1998,"{'James Cameron', 'Jon Landau'}",James Cameron,{'James Cameron'},"{'Tommy Rian', 'Ewan Stewart', 'Michael Ensign', 'Charlotte Chatton', 'Eric Braeden', 'Anne Fletcher', 'Ioan Gruffudd', 'James Cameron', 'Jonathan Phillips', 'Rochelle Rose', 'Anatoly Sagalevich', 'Kate Winslet', 'Billy Zane', 'Jenette Goldstein', 'Martin East', 'Kathy Bates', 'Lew Palter', 'Lewis Abernathy', 'Martin Laing', 'Danny Nucci', 'Terry Forrestal', 'Gloria Stuart', 'Gregory Cooke', 'Edward Fletcher', 'Jonathan Hyde', 'Elsa Raven', 'Martin Hub', 'Scott G. Anderson', 'David Warner', ""Tricia O'Neil"", 'Jonathan Evans-Jones', 'James Lancaster', 'Liam Tuohy', 'Simon Crane', 'Mark Lindsay Chapman', 'Frances Fisher', 'Paul Brightwell', 'Victor Garber', 'Bill Paxton', 'Leonardo DiCaprio', 'Rosalind Ayres', 'Greg Ellis', 'Barry Dennen', 'Richard Graham', 'Craig Kelly', 'Seth Adkins', 'Suzy Amis Cameron', 'Bernard Fox', 'Edward Kamuda', 'Bernard Hill', 'Martin Jarvis'}",PG-13,"{'Kathy Bates as Margaret Molly Brown', 'Liam Tuohy as Chief Baker Charles Joughin', 'Jonathan Evans-Jones as Wallace Hartley', 'Scott G. Anderson as Frederick Fleet', 'Martin Jarvis as Sir Cosmo Duff-Gordon', 'Terry Forrestal as Chief Engineer Joseph G. Bell', 'Ewan Stewart as First Officer William Murdoch', 'Rochelle Rose as Noël Leslie, Countess of Rothes', 'Rosalind Ayres as Lady Duff-Gordon', 'Bernard Fox as Colonel Archibald Gracie IV', 'Bill Paxton as Brock Lovett', 'Kate Winslet as Rose DeWitt Bukater', 'Billy Zane as Caledon Hockley', 'Craig Kelly as Harold Bride', 'Victor Garber as Thomas Andrews', 'Elsa Raven as Ida Straus', 'Frances Fisher as Ruth DeWitt Bukater', 'Bernard Hill as Captain Edward John Smith', 'David Warner as Spicer Lovejoy', 'Suzy Amis Cameron as Lizzy Calvert', 'Leonardo DiCaprio as Jack Dawson', 'Paul Brightwell as Quartermaster Robert Hichens', 'Michael Ensign as Benjamin Guggenheim', 'James Lancaster as Father Thomas Byles', 'Simon Crane as Fourth Officer Joseph Boxhall', 'Danny Nucci as Fabrizio', 'Mark Lindsay Chapman as Chief Officer Henry Wilde', 'Jonathan Hyde as J. Bruce Ismay', 'Tommy Rian as Tommy Ryan', 'Martin East as Reginald Lee', 'Lew Palter as Isidor Straus', 'Gregory Cooke as Jack Phillips', 'Jonathan Phillips as Second Officer Charles Lightoller', 'Ioan Gruffudd as Fifth Officer Harold Lowe', 'Eric Braeden as John Jacob Astor IV', 'Gloria Stuart as Rose Dawson Calvert', 'Edward Fletcher as Sixth Officer James Moody'}",excellent
22,Ant-Man and the Wasp: Quantumania,"{'speculative/fantastic fiction film', 'action film', 'thriller film', 'adventure film', 'comedy film', 'science fiction film'}",2023,{'Kevin Feige'},Peyton Reed,{'Jeff Loveness'},"{'William Jackson Harper', 'Randall Park', 'Corey Stoll', 'Gregg Turkington', 'Kathryn Newton', 'Evangeline Lilly', 'Michelle Pfeiffer', 'Michael Douglas', 'Paul Rudd', 'David Dastmalchian', 'Jonathan Majors', 'Bill Murray'}",PG-13,{'Bill Murray as Krylar'},average
23,Eternals,"{'speculative/fantastic fiction film', 'action film', 'adventure film', 'superhero film', 'drama film', 'science fiction film'}",2021,{'Kevin Feige'},Chloé Zhao,{'Chloé Zhao'},"{'Harry Styles', 'Barry Keoghan', 'Lauren Ridloff', 'Gemma Chan', 'Harish Patel', 'Brian Tyree Henry', 'Richard Madden', 'Lucia Efstathiou', 'Kit Harington', 'Angelina Jolie', 'Ma Dong-seok', 'Salma Hayek', 'Lia McHugh', 'Zain al-Rafeea', 'Haaz Sleiman', 'Patton Oswalt', 'Kumail Nanjiani'}",PG-13,"{'Harish Patel as Karun', 'Lucia Efstathiou as Natural History Museum Student', 'Zain al-Rafeea as Mesopotamian Young Man', 'Haaz Sleiman as Ben'}",average
24,Uncharted,"{'action film', 'adventure film'}",2022,"{'Charles Roven', 'Avi Arad', 'Alex Gartner', 'Ari Arad'}",Ruben Fleischer,"{'Art Marcum and Matt Holloway', 'Art Marcum', 'Rafe Judkins'}","{'Tom Holland', 'Tati Gabrielle', 'El Rubius', 'Sarah Petrick', 'Mark Wahlberg', 'Sophia Taylor Ali', 'Rudy Pankow', 'Pilou Asbæk', 'Antonio Banderas', 'Patricia Meeden'}",PG-13,"{'Tati Gabrielle as Braddock', 'Sarah Petrick as Young Woman', 'Patricia Meeden as Spanish Woman'}",average
25,All Quiet on the Western Front,"{'drama film', 'war film', 'film based on a novel'}",2022,{'Daniel Brühl'},Edward Berger,{'Lesley Paterson'},"{'Tobias Langhoff', 'Charles Morillon', 'Andreas Döhler', 'Thibault de Montalembert', 'Nico Ehrenteit', 'Hendrik Heutmann', 'Albrecht Schuch', 'Adrian Grünewald', 'Edin Hasanović', 'Sebastian Hülk', 'Michael Stange', 'Wolf Danny Homann', 'Sascha Nathan', 'Felix Kammerer', 'Daniel Brühl', 'Anton von Lucke', 'Devid Striesow', 'Peter Sikorski', 'Aaron Hilmer'}",R,"{'Devid Striesow as General Friedrichs', 'Edin Hasanović as Tjaden Stackfleet', 'Wolf Danny Homann as Feldgendarm', 'Michael Stange as Musterungsoffizier', 'Charles Morillon as Capitaine Paul Lepèrche', 'Thibault de Montalembert as General Ferdinand Foch', 'Peter Sikorski as Feldwebel Schützengraben', 'Daniel Brühl as Matthias Erzberger', 'Andreas Döhler as Leutnant Hoppe', 'Aaron Hilmer as Albert Kropp', 'Nico Ehrenteit as Soldat Lemrott', 'Sebastian Hülk as Major Von Brixdorf', 'Adrian Grünewald as Ludwig Behm', 'Felix Kammerer as Paul Bäumer', 'Sascha Nathan as Graf Von Oberndorff', 'Hendrik Heutmann as Sanitäter Eguisac', 'Albrecht Schuch as Stanislaus ""Kat"" Katczinsky', 'Andreas Döhler as Lieutenant Hoppe', 'Anton von Lucke as Hauptmann Von Helldorf', 'Tobias Langhoff as Detlof von Winterfeldt', 'Albrecht Schuch as Stanislaus Katczinsky'}",excellent
26,Forrest Gump,"{'historical drama', 'American football film', 'romantic comedy', 'flashback film', 'film based on a novel', 'tragicomedy', 'coming-of-age fiction', 'drama film', 'comedy film'}",1994,"{'Wendy Finerman', 'Steve Tisch', 'Charles Newirth', 'Steve Starkey'}",Robert Zemeckis,"{'Eric Roth', 'Winston Groom'}","{'Jed Gillin', 'Joe Washington', 'Kitty K. Green', 'Christopher Jones', 'Matt Wallace', 'Robin Wright', 'Jack Bowden', 'Bobby Richardson', 'Frank Geyer', 'Rob Landry', 'Danté McCarthy', 'Bonnie Ann Burgess', 'Bob Penny', 'Tim Perry', 'Byron Minns', 'Peter Bannon', 'Vanessa Roth', 'Elizabeth Hanks', 'Geoffrey Blake', 'Ione M. Telech', 'Hanna R. Hall', 'Grady Bowman', 'Michael McFall', 'Sam Anderson', 'Kevin Davis', 'Angela Lomas', 'Kenneth Bevington', 'Marla Sucharetza', 'Michael Burgess', 'John Voldstad', 'Aloysius Gigl', 'Dick Cavett', 'Steve DeRelian', 'Marlena Smalls', 'Alexander Zemeckis', 'Mike Jolly', 'Jeffrey Winner', 'Michael Kemmerling', 'Margo Moorer', 'Daniel J. Gillooly', 'Isabel Rose', 'Michael Mattison', 'Emily Carey', 'Charles Boswell', 'Paulie DiCocco', 'Jason McGuire', 'John William Galt', 'Natalie Hendrix', 'Daniel C. Striepeke', 'Stephen Bridgewater', 'Siobhan Fallon Hogan', 'George Kelly', 'Mark Matheisen', 'Russ Wilson', 'Timothy Record', 'Ed Davis', 'William Acy ""Billy"" Roberson Jr', 'Chiffonye Cobb', 'John Lennon', 'Valentine', 'Al Harrington', 'Harold G. Herthum', 'David Brisbin', 'W. Benson Terry', 'Kevin Mangan', 'Aaron Izbicki', 'Bob Harks', ""Hallie D'Amore"", 'Michael Jace', 'Mykelti Williamson', 'Scott Oliver', 'Lazarus Jackson', 'John Worsham', 'Tom Hanks', 'Pete Auster', ""Richard D'Alessandro"", 'Bruce Lucvia', 'Peter Dobson', 'Grand L. Bush', 'Afemo Omilami', 'Gary Sinise', 'Michael Conner Humphreys', 'Eric Underwood', 'Deborah McTeer', 'Steven Griffith', 'Brett Rice', 'Tyler Long', 'Kirk Ward', 'Calvin Gadsden', 'Rebecca Williams', 'Teresa Denton', 'Fay Genens', 'Logan Livingston Gomez', 'Gary Robinson', 'Sally Field', 'John Randall', 'Jay Ross', 'Timothy McNeil', 'Sonny Shroyer', 'Don Fischer', 'Gerald Ford', 'Nora Dunfee', 'Kurt Russell', 'Lenny Herb', 'Mary Ellen Trainor', 'Jacqueline Lovell', 'Ben Waddel', 'Dick Stilwell', 'Joe Alaskey', 'Joe Stefanelli', 'Michael Flannery', 'Christine Seabrook', 'Tiffany Salerno', 'Hilary Chaplain', 'Paul Raczkowski', 'Haley Joel Osment', 'Matt Rebenkoff', 'Juan Singleton', 'Lonnie Hamilton'}",PG-13,"{'John William Galt as Lyndon B. Johnson', 'Peter Dobson as Elvis', 'Grand L. Bush as the Black Panthers', 'Michael Jace as the Black Panthers', 'Joe Alaskey as Richard Nixon', 'Robin Wright as Jenny Curran', 'Dick Cavett as himself', 'Mykelti Williamson as Benjamin Buford ""Bubba"" Blue', 'Hanna R. Hall as young Jenny Curran', 'Sally Field as Mrs. Gump', 'Michael Conner Humphreys as young Forrest Gump', ""Richard D'Alessandro as Abbie Hoffman"", 'Sonny Shroyer as Coach Paul ""Bear"" Bryant', 'Tom Hanks as Forrest Gump', 'Siobhan Fallon Hogan as Dorothy Harris', 'Joe Stefanelli as John Lennon', 'Haley Joel Osment as Forrest Gump Jr.', 'Kurt Russell as Elvis voice', 'Jed Gillin as John F. Kennedy', 'Sam Anderson as Principal Hancock', 'Gary Sinise as Lieutenant Dan Taylor', 'Geoffrey Blake as Wesley'}",good
27,Once Upon a Time in Hollywood,"{'black comedy film', 'crime film', 'alternate history', 'alternate history film', 'comedy drama', 'drama film'}",2019,"{'Quentin Tarantino', 'David Heyman'}",Quentin Tarantino,{'Quentin Tarantino'},"{'Lena Dunham', 'James Marsden', 'Victoria Pedretti', 'Martin Kove', 'Kansas Bowling', 'Mikey Madison', 'Scoot McNairy', 'Luke Perry', 'Damian Lewis', 'Walton Goggins', 'Zoë Bell', 'Bruce Dern', 'Burt Reynolds', 'James Remar', 'Mike Moh', 'Rachel Redleaf', 'Danielle Harris', 'Harley Quinn Smith', 'Slim Khezri', 'Samantha Robinson', 'Margaret Qualley', 'Vincent Laresca', 'Lew Temple', 'Julia Butters', 'Timothy Olyphant', 'Dakota Fanning', 'Emile Hirsch', 'Damon Herriman', 'Rumer Willis', 'Dreama Walker', 'James Landry Hébert', 'Quentin Tarantino', 'David Steen', 'Rebecca Rittenhouse', 'Victoria Truscott', 'Michael Madsen', 'Brenda Vaccaro', 'Keith Jardine', 'Brian Patrick Butler', 'Costa Ronin', 'Clifton Collins', 'Andrea Bensussen', 'Marco Rodríguez', 'Sydney Sweeney', 'Madisen Beaty', 'Kurt Russell', 'Al Pacino', 'Clu Gulager', 'Omar Doom', 'Perla Haney-Jardine', 'Maya Hawke', 'Eddie Perez', 'Leonardo DiCaprio', 'Rebecca Gayheart', 'Rafał Zawierucha', 'Corey Burton', 'Nichole Galicia', 'Toni Basil', 'Tim Roth', 'Lorenza Izzo', 'Nicholas Hammond', 'Danny Strong', 'Margot Robbie', 'Austin Butler', 'Brad Pitt'}",R,"{'Walton Goggins as a voice over', 'Timothy Olyphant as James Stacy', 'Clu Gulager as a book store owner', 'Lorenza Izzo as Francesca Capucci', 'Perla Haney-Jardine as an LSD selling hippie', 'Al Pacino as Marvin Schwarz', 'Corey Burton as the Bounty Law promotional announcer', 'Costa Ronin as Wojciech Frykowski', 'Emile Hirsch as Jay Sebring', 'Clifton Collins as a character on Lancer', 'Lena Dunham as Catherine Share', 'Lena Dunham as Gypsy', 'Mikey Madison as Sadie', 'Madisen Beaty as Katie', 'Luke Perry as Wayne Maunder', 'Mike Moh as Bruce Lee', 'Samantha Robinson as Abigail Folger', 'Zoë Bell as Janet Lloyd', 'Margot Robbie as Sharon Tate', 'Leonardo DiCaprio as Rick Dalton', 'Damian Lewis as Steve McQueen', 'Omar Doom as a biker on Spahn Ranch', 'Kurt Russell as Randy Lloyd and the Narrator', 'Julia Butters as Trudi Frazer', 'Michael Madsen as character on Bounty Law', 'Martin Kove as character on Bounty Law', 'Maya Hawke as Flowerchild', 'Danielle Harris as Angel', 'Keith Jardine as stunt on the movie', 'Rebecca Rittenhouse as Michelle Phillips', 'Rachel Redleaf as Mama Cass', ""Brenda Vaccaro as Schwarz's wife"", 'Austin Butler as Tex', 'Kansas Bowling as Blue', 'Victoria Pedretti as Lulu', 'Dreama Walker as Connie Stevens', 'James Remar as character on Bounty Law', 'Danny Strong as Dean Martin', 'James Landry Hébert as Clem', 'Nicholas Hammond as Sam Wanamaker', 'Harley Quinn Smith as Froggie', 'James Marsden as Burt Reynolds', 'Rafał Zawierucha as Roman Polanski', 'Margaret Qualley as Pussycat', 'Damon Herriman as Charlie', 'Toni Basil as dancer', 'Brad Pitt as Cliff Booth', 'Tim Roth as Raymond', 'Sydney Sweeney as Snake', 'Dakota Fanning as Squeaky', 'Bruce Dern as George Spahn', 'Rumer Willis as Joanna Pettet', 'Scoot McNairy as Business Bob Gilbert', 'Rebecca Gayheart as Billie Booth', 'Quentin Tarantino as the director of commercial'}",good
28,Pinocchio,"{'adventure film', 'fantasy film', 'musical film', 'drama film', ""children's film""}",2022,{'Chris Weitz'},Robert Zemeckis,"{'Chris Weitz', 'Robert Zemeckis'}","{'Cynthia Erivo', 'Joseph Gordon-Levitt', 'Lorraine Bracco', 'Keegan-Michael Key', 'Luke Evans', 'Giuseppe Battiston', 'Kyanne Lamaya', 'Tom Hanks', 'Benjamin Evan Ainsworth', 'Sheila Atim', 'Lewin Lloyd'}",PG,"{'Luke Evans as The Coachman', 'Joseph Gordon-Levitt as Jiminy Cricket', 'Sheila Atim as Signora Vitelli', 'Keegan-Michael Key as Honest John', 'Tom Hanks as Geppetto', 'Lewin Lloyd as Lampwick', 'Cynthia Erivo as The Blue Fairy', 'Kyanne Lamaya as Fabiana', 'Giuseppe Battiston as Stromboli', 'Benjamin Evan Ainsworth as Pinocchio', 'Lorraine Bracco as Sofia the Seagull'}",poor
29,Blade Runner,"{'cyberpunk', 'tech noir', 'action film', 'film noir', 'neo-noir', 'thriller film', 'film based on a novel', 'dystopian film', 'drama film', 'science fiction film'}",1982,"{'Bud Yorkin', 'Michael Deeley', 'Jerry Perenchio', 'Ivor Powell'}",Ridley Scott,"{'Hampton Fancher', 'David Peoples'}","{'Brion James', 'Rutger Hauer', 'Harrison Ford', 'Joanna Cassidy', 'Joe Turkel', 'M. Emmet Walsh', 'Sean Young', 'Daryl Hannah', 'Morgan Paull', 'Hy Pyke', 'James Hong', 'William Sanderson', 'Edward James Olmos'}",R,"{'Hy Pyke as Taffey Lewis', 'Joanna Cassidy as Zhora Salome', 'Joe Turkel as Eldon Tyrell', 'James Hong as Hannibal Chew', 'Brion James as Leon Kowalski', 'Edward James Olmos as Gaff', 'William Sanderson as J. F. Sebastian', 'M. Emmet Walsh as Harry Bryant', 'Morgan Paull as Dave Holden', 'Daryl Hannah as Pris'}",good
30,Apollo 13,"{'historical film', 'survival film', 'adventure film', 'disaster film', 'film based on books', 'drama film', 'docudrama'}",1995,{'Brian Grazer'},Ron Howard,"{'Al Reinert', 'Jeffrey Kluger', 'Jim Lovell', 'William Broyles, Jr.'}","{'Paul Mantee', 'Ed Harris', 'Walter Cronkite', 'Christian Clemenson', 'Marilyn Lovell', 'Ray McKinnon', 'Kathleen Quinlan', 'Todd Hallowell', 'Emily Ann Lloyd', 'Joe Spano', ""Austin O'Brien"", 'Mary Kate Schellhardt', 'Christopher John Fields', 'Chris Ellis', 'Michele Little', 'Wayne Duvall', 'Steve Rankin', 'Jean Speegle Howard', 'Joseph Culp', 'Roger Corman', 'Thom Barry', 'Larry Williams', 'Ned Vaughn', 'Gabriel Jarret', 'Kevin Bacon', 'Bryce Dallas Howard', 'Loren Dean', 'Mark Wheeler', 'Tom Hanks', 'Jeffrey Kluger', 'Jim Meskimen', 'Ben Marley', 'Thomas Mills Wood', 'Gary Sinise', 'Brian Markinson', 'Marc McClure', 'Miko Hughes', 'Brett Cullen', 'Max Elliott Slade', 'David Andrews', 'Xander Berkeley', 'Geoffrey Blake', 'Jack Conley', 'Clint Howard', 'Carl Gabriel Yorke', 'Jim Lovell', 'Bill Paxton', 'Andy Milder', 'Rance Howard', 'Ben Bodé', 'Todd Louiso', 'Jon Bruno', 'Max Grodénchik', 'Herbert Jefferson, Jr.', 'Tracy Reiner'}",PG,"{'Mark Wheeler as Neil Armstrong', 'Carl Gabriel Yorke as SIM 1', 'Mary Kate Schellhardt as Barbara Lovell', 'Marc McClure as Black Team Flight Director Glynn Lunney', 'Xander Berkeley as Henry Hurt', 'Ed Harris as White Team Flight Director Gene Kranz', 'Roger Corman as a congressman', 'Tom Hanks as Apollo 13 Commander Jim Lovell', 'Walter Cronkite as Self, archive news footage', 'Kathleen Quinlan as Marilyn Gerlach Lovell', 'Ned Vaughn as CAPCOM 2', 'Tracy Reiner as Mary Haise', 'Emily Ann Lloyd as Susan Lovell', 'Miko Hughes as Jeffrey Lovell', 'Bill Paxton as Apollo 13 Lunar Module Pilot Fred Haise', 'Jeffrey Kluger as a television reporter', 'Chris Ellis as Director of Flight Crew Operations Deke Slayton', 'Ray McKinnon as White Team FIDO Jerry Bostick', 'Todd Louiso as White Team FAO', 'Clint Howard as White Team EECOM Sy Liebergot', 'Christian Clemenson as Flight Surgeon Dr. Charles Berry', 'Jim Lovell as captain of “Iwo Jima”', 'Michele Little as Jane Conrad', 'Loren Dean as EECOM John Aaron', 'Jim Meskimen as White Team TELMU', ""Jean Speegle Howard as Lovell's mother Blanch"", 'Kevin Bacon as Apollo 13 backup Command Module Pilot Jack Swigert', 'David Andrews as Apollo 12 Commander Pete Conrad', 'Max Elliott Slade as James ""Jay"" Lovell', 'Rance Howard as the Lovell family minister', 'Gary Sinise as Apollo 13 prime Command Module Pilot Ken Mattingly', 'Brett Cullen as CAPCOM 1', 'Joe Spano as NASA Director', 'Ben Marley as Apollo 13 backup Commander John Young', 'Bryce Dallas Howard as uncredited background performer', 'Larry Williams as Buzz Aldrin', 'Marilyn Lovell as spectator'}",excellent
31,Jason Bourne,"{'thriller film', 'mystery film', 'action film', 'action thriller'}",2016,{'Matt Damon'},Paul Greengrass,"{'Christopher Rouse', 'Paul Greengrass'}","{'Alicia Vikander', 'Riz Ahmed', 'Matt Damon', 'Vincent Cassel', 'Vinzenz Kiefer', 'Bill Camp', 'Gregg Henry', 'Julia Stiles', 'Tommy Lee Jones', 'Scott Shepherd', 'Ato Essandoh'}",PG-13,"{'Vinzenz Kiefer as Christian Dassault', 'Bill Camp as Malcolm Smith', 'Gregg Henry as Richard Webb', 'Alicia Vikander as Heather Lee', 'Scott Shepherd as Edwin Russell', 'Ato Essandoh as Craig Jeffers', 'Vincent Cassel as The Asset'}",average
32,Scooby-Doo,"{'mystery film', 'comedy horror', 'adventure film', 'fantasy film', 'ghost film'}",2002,{'Charles Roven'},Raja Gosnell,"{'Craig Titley', 'James Gunn'}","{'Rowan Atkinson', 'Michala Banas', 'Isla Fisher', 'Matthew Lillard', 'Sam Greco', 'Pamela Anderson', 'Andrew Bryniarski', 'Sandra McCoy', 'Nicholas Hope', 'Steven Grives', 'Linda Cardellini', 'Freddie Prinze Jr.', 'Sarah Michelle Gellar', 'Miguel A. Núñez', 'Kristian Schmid'}",PG,"{'Michala Banas as Carol', 'Kristian Schmid as Brad', 'Miguel A. Núñez as Voodoo Maestro', 'Nicholas Hope as Old Man Smithers'}",average
33,Fury,"{'drama film', 'action film', 'war film'}",2014,"{'John Lesher', 'Bill Block'}",David Ayer,{'David Ayer'},"{'Christopher Maleki', 'Xavier Samuel', 'Marlon Blue', 'Branko Tomović', 'Logan Lerman', 'Eugenia Kuzmina', 'Shia LaBeouf', 'Scott Eastwood', 'Jason Isaacs', 'Marek Oravec', 'Alicia von Rittberg', 'Zach Avery', 'Kyle Soller', 'Alex Brock', 'Heiko Obermöller', 'Brad William Henke', 'Michael Peña', 'Jim Parrack', 'Jon Bernthal', 'Anamaria Marinca', 'Nathan Dean Snyder', 'Edward Upcott', 'Jack Bannon', 'Brad Pitt'}",R,"{'Jon Bernthal as Private First Class Grady ""Coon-Ass"" Travis', 'Scott Eastwood as Sergeant Miles', 'Anamaria Marinca as Irma', 'Xavier Samuel as First Lieutenant Parker', 'Brad William Henke as Staff Sergeant Davis', 'Michael Peña as Corporal Trinidad ""Trini"" ""Gordo"" García', 'Jason Isaacs as Captain Waggoner', 'Shia LaBeouf as Technician Fifth Grade Boyd ""Bible"" Swan', 'Jim Parrack as Staff Sergeant Binkowski', 'Zach Avery as a Waffen-SS medic', 'Alicia von Rittberg as Emma', 'Brad Pitt as First Sergeant Donald ""Don"" ""Wardaddy"" Collier', 'Logan Lerman as Private First Class Norman ""Machine"" Ellison'}",good
34,Midway,"{'drama film', 'historical film', 'action film', 'war film'}",2020,"{'Mark Gordon', 'Dong Yu', 'Harald Kloser', 'Roland Emmerich'}",Roland Emmerich,{'Wes Tooke'},"{'Dennis Quaid', 'Woody Harrelson', 'Nick Jonas', 'Brennan Brown', 'Jun Kunimura', 'Alexander Ludwig', 'Eric Davis', 'Luke Kleintank', 'Hiroaki Shintani', 'Luke Evans', 'Aaron Eckhart', 'Hiromoto Ida', 'Keean Johnson', 'James Carpinello', 'Ed Skrein', 'David Hewlett', 'Etsushi Toyokawa', 'Brandon Sklenar', 'Geoffrey Blake', 'Mark Rolston', 'Jake Manley', 'Jake Weber', 'Peter Shinkoda', 'Tadanobu Asano', 'Dean Schaller', 'Darren Criss', 'Patrick Wilson', 'Mandy Moore'}",PG-13,"{'Geoffrey Blake as Commander John Ford', 'Jake Manley as Enterprise|CV-6|6', 'Luke Kleintank as Enterprise|CV-6|6', 'Dennis Quaid as Vice Admiral William Bull Halsey', 'Ed Skrein as Lieutenant Dick Best', 'Peter Shinkoda as Commander Genda Minoru', 'Eric Davis as Captain Miles Browning', 'Woody Harrelson as Admiral Chester W. Nimitz', 'Jun Kunimura as Vice Admiral Chūichi Nagumo', 'Keean Johnson as Enterprise|CV-6|6', 'Hiroaki Shintani as Emperor Hirohito', 'Dean Schaller as Jack MacKenzie', 'Darren Criss as Lieutenant Commander Eugene Lindsey', 'Luke Evans as Lieutenant Commander Wade McClusky', 'Patrick Wilson as Lieutenant Commander Edwin Layton', 'Aaron Eckhart as Lieutenant Colonel Jimmy Doolittle', 'Brennan Brown as Commander Joseph Rochefort', 'Mandy Moore as Anne Best', ""Nick Jonas as Aviation Machinist's Mate Bruno Gaido"", 'Alexander Ludwig as Arizona|BB-39|6', 'Tadanobu Asano as Rear Admiral Tamon Yamaguchi', 'James Carpinello as Lieutenant Commander William Brockman', 'Etsushi Toyokawa as Admiral Isoroku Yamamoto', 'Jake Weber as Rear Admiral Raymond Spruance', 'Hiromoto Ida as Prime Minister Tojo', 'Brandon Sklenar as Ensign George Tex Gay', 'Mark Rolston as Admiral Ernest King', 'David Hewlett as Admiral Husband Kimmel'}",average
35,Medieval,"{'action film', 'historical film', 'medieval film', 'biographical film', 'drama film'}",2022,"{'Petr Jákl', 'Cassian Elwes'}",Petr Jákl,"{'Marek Dobeš', 'Kevin Bernhardt', 'Petr Bok', 'Petr Jákl, Sr.', 'Petr Jákl'}","{'David Svoboda', 'Alistair Brammer', 'Werner Daehn', 'Martin Kavan', 'Petr Vágner', 'Jennifer Armour', 'Aneta Kernová', 'Roman Šebrle', 'Marek Vašut', 'Romana Jákl Vítová', 'Sophie Lowe', 'Matthew Goode', 'Kevin Bernhardt', 'Ben Foster', 'Roland Møller', 'Jan Budař', 'Magnus Samuelsson', 'Til Schweiger', 'William Moseley', 'Filip Antonio', 'Denisa Pfauserová', 'Vinzenz Kiefer', 'Václav Jiráček', 'Viktor Krištof', 'Ondřej Vetchý', 'James Beaumont', 'Karel Roden', 'Michael Caine', 'Daniel Vávra', 'Christopher Rygh', 'David Bowles', 'Ben Cristovao'}",R,"{'Til Schweiger as Rosenberg', 'Ben Cristovao as Adjar', 'Petr Vágner as Soldier', 'Sophie Lowe as Katherine', 'Jan Budař as Matthew', 'Jennifer Armour as Barbara', 'Kevin Bernhardt as Captain Martin', 'Roland Møller as Torak', 'Martin Kavan as Rebel', 'Daniel Vávra as Rebel', 'Matthew Goode as King Sigismund', 'David Bowles as Giovanni', 'Magnus Samuelsson as Lars', 'Michael Caine as Lord Boresh', 'Ben Foster as Jan Žižka', 'Romana Jákl Vítová as Theresa', 'Christopher Rygh as Mick', 'William Moseley as Jaroslav', ""Marek Vašut as Wenceslas' chamberlain"", 'Ondřej Vetchý as Ondřej', 'Viktor Krištof as Jan Hus', 'David Svoboda as Assassin', 'Werner Daehn as Ulrich', 'Vinzenz Kiefer as Conrad', 'Václav Jiráček as Zdenĕk', 'Alistair Brammer as Freddy', 'James Beaumont as Voice of Jan Hus', 'Aneta Kernová as Maria', 'Filip Antonio as Village Boy', 'Roman Šebrle as Javier', 'Karel Roden as King Wenceslas'}",poor
36,Ant-Man and the Wasp,"{'action film', 'adventure film', 'superhero film', 'comedy film', 'science fiction film'}",2018,"{'Kevin Feige', 'Stephen Broussard'}",Peyton Reed,"{'Andrew Barrer', 'Erik Sommers', 'Gabriel Ferrari', 'Chris McKenna', 'Paul Rudd'}","{'Dax Griffin', 'Judy Greer', 'Riann Steele', 'Randall Park', 'Suehyla El-Attar', 'T.I.', 'Norwood J. Cheek Jr.', 'Bobby Cannavale', 'Walton Goggins', 'Paul Rudd', 'Tim Heidecker', 'Michael Cerveris', 'Jessica Castro', 'RaeLynn Bratten', 'Divian Ladwa', 'Darcy Shean', 'Julia Vera', 'Hayley Lovitt', 'Torrey Vogel', 'Bryan Lugo', 'Alexis Smith', 'Charles Justo', 'Hannah John-Kamen', 'Rob Archer', 'David Dastmalchian', 'Goran Kostić', 'Langston Fishburne', 'Tom Scharpling', 'Virginia Hamilton', 'Laurence Fishburne', 'Evangeline Lilly', 'Jessica Winther', 'Reggie Aqui', 'Sean Kleier', 'Benjamin Byron Davis', 'Michael Peña', 'Natasha Zouves', 'Simon Potter', 'Ana Maria Quintana', 'Blake Vogt', 'Michelle Pfeiffer', 'Michael Douglas', 'Abby Ryder Fortson', 'Madeleine McGraw', 'Mike Nicco', 'Brian Huskey', 'Stan Lee', 'Jon Wurster'}",PG-13,"{'Jessica Winther as Tourist Wife', 'Dax Griffin as Young Hank', 'Goran Kostić as Anitolov', 'Stan Lee as Shrinking Car Owner', 'Jon Wurster as Burch’s SUV Drivers', 'Rob Archer as Knox', 'Virginia Hamilton as San Francisco News Announcer', 'Laurence Fishburne as Dr. Bill Foster', 'Divian Ladwa as Uzman', 'Judy Greer as Maggie', 'Paul Rudd as Scott Lang/Ant-Man', 'Julia Vera as Luis’ Abuelita', 'Natasha Zouves as San Francisco News Anchors', 'Randall Park as Jimmy Woo', 'Norwood J. Cheek Jr. as Tourist Husband', 'RaeLynn Bratten as Young Ava', 'Simon Potter as Burch’s Goons', 'Darcy Shean as Nanny', 'Hayley Lovitt as Young Janet', 'Evangeline Lilly as Hope Van Dyne/Wasp', 'Abby Ryder Fortson as Cassie', 'T.I. as Dave', 'Jessica Castro as San Francisco News Anchors', 'Ana Maria Quintana as Sister Ana Maria', 'Walton Goggins as Sonny Burch', 'Tim Heidecker as Whale Boat Captain Daniel Gooobler', 'Tom Scharpling as Burch’s SUV Drivers', 'Michael Douglas as Dr. Hank Pym', 'Blake Vogt as Online Magic Instructor', 'Bobby Cannavale as Paxton', 'Charles Justo as Fireman', 'Alexis Smith as San Francisco News Anchors', 'Langston Fishburne as Young Bill', 'Michael Cerveris as Elihas Starr', 'Sean Kleier as Agent Stoltz', 'Reggie Aqui as San Francisco News Anchors', 'David Dastmalchian as Kurt', 'Bryan Lugo as Wharf Cop', 'Michelle Pfeiffer as Janet Van Dyne/Wasp', 'Riann Steele as Catherine Starr', 'Benjamin Byron Davis as Agent Burleigh', 'Torrey Vogel as Burch’s Goons', 'Madeleine McGraw as Young Hope', 'Suehyla El-Attar as Agent Pearson', 'Mike Nicco as San Francisco News Anchors', 'Brian Huskey as Elementary School Teacher', 'Hannah John-Kamen as Ava Starr/Ghost', 'Michael Peña as Luis'}",good
37,Creed II,"{'drama film', 'boxing film'}",2019,"{'Sylvester Stallone', 'Charles Winkler', 'Irwin Winkler'}",Steven Caple Jr.,"{'Sylvester Stallone', 'Cheo Hodari Coker'}","{'Sylvester Stallone', 'Michael B. Jordan', 'Roy Jones Jr.', 'Wood Harris', 'Dolph Lundgren', 'Sugar Ray Leonard', 'Michael Buffer', 'Andre Ward', 'Evander Holyfield', 'Florian Munteanu', 'Russell Hornsby', 'Milo Ventimiglia', 'Brigitte Nielsen', 'Phylicia Rashad', 'Tessa Thompson', 'Jacob Duran'}",PG-13,{'Tessa Thompson as Bianca'},average
38,Downton Abbey,{'historical drama'},2019,"{'Gareth Neame', 'Liz Trubridge', 'Julian Fellowes'}",Michael Engler,{'Julian Fellowes'},"{'Allen Leech', 'Stephen Campbell Moore', 'Jim Carter', 'Andrew Havill', 'Michelle Dockery', 'Matthew Goode', 'Joanne Froggatt', 'Lesley Nicol', 'Elizabeth McGovern', 'David Haig', 'Mark Addy', 'Brendan Coyle', 'Hugh Bonneville', 'Laura Carmichael', 'Kate Phillips', 'Maggie Smith', 'Raquel Cassidy', 'Susan Lynch', 'Michael C. Fox', 'Sophie McShera', 'Robert James-Collier', 'Richenda Carey', 'Tuppence Middleton', 'Penelope Wilton', 'Simon Jones', 'Geraldine James', 'Imelda Staunton', 'Harry Hadden-Paton', 'Kevin Doyle', 'Phyllis Logan', 'Max Brown'}",PG,"{'Matthew Goode as Henry Talbot', 'Geraldine James as Queen Mary', 'Susan Lynch as Miss Lawton', 'Andrew Havill as Henry, Viscount Lascelles', 'Brendan Coyle as John Bates', 'Lesley Nicol as Beryl Patmore', 'Michelle Dockery as Lady Mary Talbot', 'Joanne Froggatt as Anna Bates', 'Allen Leech as Tom Branson', 'Raquel Cassidy as Phyllis Baxter', 'Harry Hadden-Paton as Bertie Pelham, 7th Marquess of Hexham', 'Simon Jones as King George V', 'Mark Addy as Mr Bakewell', 'Kate Phillips as The Princess Mary, Viscountess Lascelles', 'Elizabeth McGovern as Cora Crawley, Countess of Grantham', 'Laura Carmichael as Edith Pelham, Marchioness of Hexham', 'Phyllis Logan as Elsie Hughes', 'Hugh Bonneville as Robert Crawley, 7th Earl of Grantham', 'Michael C. Fox as Andy Parker', 'David Haig as Mr Wilson', 'Tuppence Middleton as Lucy Smith', 'Kevin Doyle as Joseph Molesley', 'Max Brown as Richard Ellis', 'Robert James-Collier as Thomas Barrow', 'Sophie McShera as Daisy Mason', 'Richenda Carey as Mrs Webb', 'Maggie Smith as Violet Crawley, Dowager Countess of Grantham', 'Penelope Wilton as Isobel Grey, Lady Merton', 'Jim Carter as Charles Carson', 'Stephen Campbell Moore as Major Chetwode', 'Imelda Staunton as Maud, Lady Bagshaw'}",average
39,Emma.,"{'drama film', 'comedy film', 'film based on a novel'}",2020,"{'Eric Fellner', 'Tim Bevan', 'Graham Broadbent'}",Autumn de Wilde,{'Eleanor Catton'},"{'Chloe Pirrie', 'Callum Turner', 'Anya Taylor-Joy', 'Gemma Whelan', 'Rupert Graves', 'Connor Swindells', 'Angus Imrie', 'Tanya Reynolds', 'Johnny Flynn', 'Miranda Hart', 'Mia Goth', 'Bill Nighy', ""Josh O'Connor"", 'Amber Anderson', 'Oliver Chris'}",PG,"{'Gemma Whelan as Mrs Weston', 'Chloe Pirrie as Isabella Knightley', 'Anya Taylor-Joy as Emma Woodhouse', 'Oliver Chris as John Knightley', 'Tanya Reynolds as Mrs Augusta Elton', 'Amber Anderson as Jane Fairfax', 'Mia Goth as Harriet Smith', 'Callum Turner as Frank Churchill', 'Johnny Flynn as George Knightley', 'Connor Swindells as Robert Martin', 'Angus Imrie as Bartholomew', 'Bill Nighy as Mr Woodhouse', 'Rupert Graves as Mr Weston', 'Miranda Hart as Miss Bates', ""Josh O'Connor as the Reverend Mr Elton""}",good
40,Captain Phillips,"{'action film', 'thriller film', 'survival film', 'film based on books', 'biographical film', 'drama film', 'pirate film'}",2013,{'Scott Rudin'},Paul Greengrass,{'Billy Ray'},"{'Angus MacInnes', 'Catherine Keener', 'Riann Steele', 'Maria Dizzia', 'Louis Mahoney', 'Michael Chernus', 'Vincenzo Nicoli', 'David Warshofsky', 'Omar Berdouni', 'Corey Johnson', 'Barkhad Abdi', 'Tom Hanks', 'Max Martini', 'Yul Vazquez', 'Chris Mulkey', 'John Magaro', 'Mark Holden', 'Faysal Ahmed'}",PG-13,"{'John Magaro as Dan Phillips', 'Faysal Ahmed as Nour Najee', 'Omar Berdouni as Nemo', 'David Warshofsky as Mike Perry', 'Mark Holden as William Rios', 'Max Martini as DEVGRU commander', 'Barkhad Abdi as Abduwali Muse', 'Chris Mulkey as John Cronan', 'Tom Hanks as Richard ""Rich"" Phillips', 'Catherine Keener as Andrea Phillips', 'Louis Mahoney as Ethan Stoll', 'Yul Vazquez as Commander Frank Castellano', 'Michael Chernus as Shane Murphy', 'Riann Steele as Bernetti', 'Angus MacInnes as Ian Waller', 'Corey Johnson as Ken Quinn', 'Vincenzo Nicoli as Andrew', 'Maria Dizzia as Allison McColl'}",excellent
41,Fargo,"{'neo-noir', 'thriller film', 'black comedy film', 'crime film', 'drama film'}",1996,"{'Ethan Coen', 'Joel Coen'}",Ethan Coen,"{'Ethan Coen', 'Joel Coen'}","{'Bruce Campbell', 'Frances McDormand', 'Peter Stormare', 'Steve Reevis', 'Bruce Bohne', 'Harve Presnell', 'José Feliciano', 'Steve Buscemi', 'Larry Brandenburg', 'J. Todd Anderson', 'Kristin Rudrüd', 'Tony Denman', 'Warren Keith', 'William H. Macy', 'Melissa Peterman', 'Bain Boehlke', 'Steve Park', 'John Carroll Lynch'}",R,"{'Kristin Rudrüd as Jean Lundegaard', 'William H. Macy as Jerry Lundegaard', 'Warren Keith as Reilly Diefenbach', 'John Carroll Lynch as Norm Gunderson', 'Bain Boehlke as Mr. Mohra', 'Larry Brandenburg as Stan Grossman', 'Steve Reevis as Shep Proudfoot', 'Peter Stormare as Gaear Grimsrud', 'Frances McDormand as Marge Gunderson', 'Tony Denman as Scotty Lundegaard', 'Melissa Peterman as Hooker # 2', 'Steve Buscemi as Carl Showalter', 'Harve Presnell as Wade Gustafson', 'Steve Park as Mike Yanagita'}",good
42,"Tick, Tick... Boom!",{'musical film'},2021,"{'Ron Howard', 'Brian Grazer', 'Lin-Manuel Miranda'}",Lin-Manuel Miranda,{'Steven Levenson'},"{'Joanna Adler', 'Idina Menzel', 'Joel Perez', 'Marin Mazzie', 'Anna Louizos', 'Quiara Alegría Hudes', 'Wilson Jermaine Heredia', 'Eisa Davis', 'Janet Dacal', 'Marc Shaiman', 'Christopher Jackson', 'Joel Grey', 'Judith Light', 'Renée Elise Goldsberry', 'Michaela Jaé Rodriguez', 'Micaela Diamond', 'Joshua Henry', 'Stephen Schwartz', 'Danielle Ferland', 'Georgia Stitt', 'Beth Malone', 'Chita Rivera', 'Laura Benanti', 'Daphne Rubin-Vega', 'Roger Bart', 'Adam Pascal', 'Michael Lindsay', 'Helen Park', 'Chad Beguelin', 'Utkarsh Ambudkar', 'Alex Lacamoire', 'Grace McLean', 'Tom Kitt', 'André De Shields', 'Chris Sullivan', 'Bernadette Peters', 'Matthew Sklar', 'Stephen Sondheim', 'Brian Stokes Mitchell', 'Kate Rockwell', 'Phillipa Soo', 'Danny Burstein', 'Bebe Neuwirth', 'Richard Kind', 'Chuck Cooper', 'Noah Robbins', 'Bradley Whitford', 'Phylicia Rashad', 'Amanda Green', 'Shaina Taub', 'Black Thought', 'Alexandra Shipp', 'Andrew Garfield', 'Jeanine Tesori', 'Anthony Rapp', 'Jace Alexander', 'Joe Iconis', 'Howard McGillin', 'Jelani Alladin', 'Judy Kuhn', 'Jim Nicola', 'Dave Malloy', 'Ben Levi Ross', 'Steven Levenson', 'Vanessa Hudgens', 'Jason Robert Brown', 'Robin de Jesús', 'Jonathan Marc Sherman', 'Stephen Trask', 'Lauren Marcus'}",PG-13,"{'Chuck Cooper as “Sunday” performer', 'Jeanine Tesori as aspiring composers and lyricists', 'Brian Stokes Mitchell as “Sunday” performer', 'Marin Mazzie as members of the cast', 'Jason Robert Brown as aspiring composers and lyricists', 'Jelani Alladin as David', 'Michaela Jaé Rodriguez as Carolyn', 'Alex Lacamoire as aspiring composers and lyricists', 'Laura Benanti as Judy Wright', 'Bernadette Peters as “Sunday” performer', 'Daphne Rubin-Vega as homeless bums', 'Jonathan Marc Sherman as Ira Weitzman', 'Marc Shaiman as aspiring composers and lyricists', 'Anna Louizos as Michelle', 'Bebe Neuwirth as “Sunday” performer', 'Helen Park as aspiring composers and lyricists', 'Vanessa Hudgens as Karessa Johnson', 'Georgia Stitt as aspiring composers and lyricists', 'Danny Burstein as ""Al""', 'Judy Kuhn as ""Nan""', 'Shaina Taub as aspiring composers and lyricists', 'Stephen Sondheim as Himself (voice)', 'Joel Perez as Lincoln', 'Tom Kitt as aspiring composers and lyricists', 'Judith Light as Rosa Stevens', 'Amanda Green as aspiring composers and lyricists', 'Beth Malone as “Sunday” performer', 'Chad Beguelin as aspiring composers and lyricists', 'Anthony Rapp as Self (archive footage)', 'Chris Sullivan as Building Doorman', 'Michael Lindsay as members of the cast', 'Wilson Jermaine Heredia as homeless bumsLin-Manuel Miranda', 'Danielle Ferland as Kim', 'Noah Robbins as Simon', 'Joshua Henry as Roger Bart', 'Steven Levenson as aspiring composers and lyricists', 'Utkarsh Ambudkar as Todd', 'Dave Malloy as aspiring composers and lyricists', 'Andrew Garfield as Jonathan Larson', 'Phylicia Rashad as “Sunday” performer', 'Matthew Sklar as aspiring composers and lyricists', 'Christopher Jackson as a patron', 'Idina Menzel as Self (archive footage)', 'Adam Pascal as homeless bums', 'Joanna Adler as Molly', 'Stephen Schwartz as aspiring composers and lyricists', 'Renée Elise Goldsberry as “Sunday” performer', 'Eisa Davis as aspiring composers and lyricists', 'Micaela Diamond as Peggy', 'Alexandra Shipp as Susan Wilson', 'Roger Bart as featured diners', 'Janet Dacal as Superbia performer', 'Bradley Whitford as Stephen Sondheim', 'Grace McLean as aspiring composers and lyricists', 'Jace Alexander as members of the cast', 'Ben Levi Ross as Freddy', 'Kate Rockwell as Lauren', 'Quiara Alegría Hudes as aspiring composers and lyricists', 'Black Thought as H.A.W.K. Smooth', 'Howard McGillin as “Sunday” performer', 'Lauren Marcus as Donna', 'André De Shields as “Sunday” performer', 'Robin de Jesús as Michael', 'Jim Nicola as featured diners', 'Richard Kind as Walter Bloom', 'Joel Grey as “Sunday” performer', 'Joe Iconis as aspiring composers and lyricists', 'Stephen Trask as aspiring composers and lyricists', 'Phillipa Soo as “Sunday” performer', 'Chita Rivera as “Sunday” performer'}",good
43,Spider-Man 3,"{'action film', 'thriller film', 'superhero film', 'drama film', 'science fiction film'}",2007,"{'Avi Arad', 'Grant Curtis', 'Laura Ziskin'}",Sam Raimi,"{'Ivan Raimi', 'Sam Raimi', 'Alvin Sargent'}","{'Mageina Tovah', 'Topher Grace', 'James Cromwell', 'Tobey Maguire', 'Bill Nunn', 'Michael Papajohn', 'Elizabeth Banks', 'Joe Manganiello', 'Thomas Haden Church', 'Bryce Dallas Howard', 'Theresa Russell', 'J. K. Simmons', 'Cliff Robertson', 'James Franco', 'Willem Dafoe', 'Bruce Campbell', 'Dylan Baker', 'Rosemary Harris', 'Lucy Gordon', 'Elisha Cuthbert', 'Ted Raimi', 'Perla Haney-Jardine', 'Kirsten Dunst', 'Elya Baskin', 'Lucy Liu', 'Stan Lee'}",PG-13,"{'Theresa Russell as Emma Marko', 'Elya Baskin as Mr. Ditkovich'}",average
44,Armageddon,"{'speculative/fantastic fiction film', 'action film', 'adventure film', 'disaster film', 'drama film', 'science fiction film'}",1998,"{'Jerry Bruckheimer', 'Gale Anne Hurd', 'Michael Bay'}",Michael Bay,"{'J. J. Abrams', 'Tony Gilroy', 'Shane Salerno', 'Jonathan Hensleigh'}","{'Christian Clemenson', 'Steven Ford', 'Peter White', 'Stanley Anderson', 'Grace Zabriskie', 'Billy Bob Thornton', 'Layla Roberts', 'Owen Wilson', 'Gedde Watanabe', 'Anthony Guidera', 'Ben Affleck', 'Chris Ellis', 'Keith David', 'Liv Tyler', 'Dyllan Christopher', 'Dwight Hicks', 'Ken Hudson Campbell', 'Jason Isaacs', 'William Fichtner', 'Shawnee Smith', 'Eddie Griffin', 'Fred Weller', 'Peter Stormare', 'Seiko Matsuda', 'James Harper', 'Michael Kaplan', 'Mark Boone Junior', 'Will Patton', 'Marshall R. Teague', 'Michael Bay', 'Bodhi Elfman', 'Jessica Steen', 'Bruce Willis', 'Greg Collins', 'Matt Malloy', 'Andy Milder', 'Judith Hoag', 'Michael Clarke Duncan', 'Steve Buscemi', 'Andrew Heckler', 'Lawrence Tierney', 'Erik Sullivan', 'Jim Fitzpatrick', 'Grayson McCouch', 'Udo Kier'}",PG-13,"{'Keith David as General Kimsey', 'Greg Collins as Halsey', 'Steve Buscemi as Rockhound', 'Udo Kier as Psychologist', 'Owen Wilson as Oscar', 'Grace Zabriskie as Dottie', 'Will Patton as Chick', 'Jason Isaacs as Ronald Quincy', 'Michael Kaplan as NASA Tech', 'Jim Fitzpatrick as NORAD Technician', 'Bruce Willis as Harry S. Stamper', 'Chris Ellis as Flight Director Clark', 'Steven Ford as Nuke Tech', 'William Fichtner as Colonel Willie Sharp', 'Stanley Anderson as President', 'Judith Hoag as Denise', 'Layla Roberts as Molly Mounds', 'Jessica Steen as Co-Pilot Jennifer Watts', 'Grayson McCouch as Gruber', 'Michael Clarke Duncan as Bear', 'Matt Malloy as NASA Tech', 'Andy Milder as NASA Tech', 'Shawnee Smith as Redhead', 'Dyllan Christopher as Tommy', 'Marshall R. Teague as Colonel Davis', 'Anthony Guidera as Co-Pilot Tucker', 'James Harper as Admiral Kelso', 'Peter White as Secretary of Defense', 'Bodhi Elfman as Math Guy', 'Dwight Hicks as FBI Agent #1', 'Ken Hudson Campbell as Max', 'Seiko Matsuda as Asian Tourist - Female', 'Andrew Heckler as NASA Tech', 'Billy Bob Thornton as Dan Truman', 'Liv Tyler as Grace Stamper', 'Eddie Griffin as bike messenger', 'Peter Stormare as Lev Andropov', 'Christian Clemenson as Droning Guy'}",poor
45,Greyhound,"{'war film', 'film based on a novel'}",2020,"{'Gary Goetzman', 'Tom Hanks'}",Aaron Schneider,{'Tom Hanks'},"{'Elisabeth Shue', 'Dave Davis', 'Dominic Keating', 'Michael Benz', 'Karl Glusman', 'Grayson Russell', 'Thomas Kretschmann', 'Devin Druid', 'Josh Wiggins', 'Chet Hanks', 'Maximilian Osinski', 'Matt Helm', 'Rob Morgan', 'Tom Hanks', 'Tom Brittney', 'Stephen Graham', 'Ian James Corlett', 'Manuel Garcia-Rulfo'}",PG-13,"{'Tom Hanks as Captain Krause', 'Manuel Garcia-Rulfo as Melvin Lopez', 'Elisabeth Shue as Evelyn', 'Devin Druid as Homer Wallace', 'Karl Glusman as Red Eppstein', 'Rob Morgan as Cleveland', 'Thomas Kretschmann as Grey Wolf', 'Maximilian Osinski as captain of ORP Viktor, call sign ""Eagle""', 'Grayson Russell as Signalman #1', 'Dominic Keating as captain of HMS James, call sign ""Harry""', 'Chet Hanks as Bushnell', 'Matt Helm as Lt. Nystrom', 'Josh Wiggins as Talker #1', 'Ian James Corlett as captain of HMCS Dodge, call sign ""Dicky""', 'Michael Benz as Lieutenant Carling', ""Dave Davis as Boatswain's Mate #1"", 'Stephen Graham as Charlie Cole', 'Tom Brittney as Lieutenant Watson'}",good
46,Mrs. Harris Goes to Paris,{'drama film'},2022,"{'Anthony Fabian', 'Xavier Marchand', 'Guillaume Benski'}",Anthony Fabian,"{'Anthony Fabian', 'Olivia Hetreed'}","{'Harry Szovik', 'Roxane Duran', 'Bama Balint', 'Igor Szasz', 'Jade de Brito Lopes', 'Zsanett Jakab', 'Ben Addis', 'Melinda Foszto-Liszi', 'Örvendi Cintia', 'Reka Zsofia Szabo', 'Beatrix Csák', 'Nikolett Koller', 'Tamas Fischer', 'Balázs Csémy', 'Lambert Wilson', 'Barnabás Réti', 'Christian McKay', 'Lucas Bravo', 'Timea Takacs', 'László Takács', 'Delroy Atkinson', 'Vivien Hirtenreiter', 'Szabó Kitti', 'Patrik Adam Keresztes', 'Dorottya Ilosvai', 'Anna Chancellor', 'Anett Földi', 'Vincent Martin', 'Sarah Rickman', 'Alba Baptista', 'Jeremy Wheeler', 'Emese Szabó-Sarkadi', 'Jason Isaacs', 'Lesley Manville', 'Isabella Brett', 'Philippe Bertin', 'Bertrand Poncet', 'Krisztian Kelemen', 'Isabelle Huppert', 'Guilaine Londez', 'Tibor Onodi', 'Andras Orosz', 'Bertold Hermann', 'Zoltán Feicht', 'Freddie Fox', 'Norbert Márki', 'Viktor Simon', 'Zsolt Páll', 'Ellen Thomas', 'Blanka Csasznyi', 'Wayne Brett', 'Csongor Füzesi', 'Albert Réka', 'Imola Kacso', 'Ramóna Takács', 'Sába Kapás', 'Mark Csorogi', 'Stephen Saracco', 'Amata Farkas', 'Guizani Douraied', 'Zsombor Sarosdi', 'Murányi Panka', 'Dalma Wéninger', 'Declan Hannigan', 'Eszter Perovics', 'Nora Frindik', 'Rose Williams', 'Péter Végh', 'Germaine Queen Ottley', 'Saruul Delgerbayar'}",PG,"{'Rose Williams as Pamela Penrose', 'Zoltán Feicht as Dancer', 'Bertold Hermann as Dancer', 'Örvendi Cintia as Victoire', 'Guilaine Londez as Madame Avallon', 'Szabó Kitti as Dancer', 'Dalma Wéninger as Dancer', 'Lucas Bravo as André Fauvel', 'Sarah Rickman as Cynthia', 'Jeremy Wheeler as Policeman', 'Dorottya Ilosvai as Mathilde Avallon', 'Bertrand Poncet as Monsieur Carré', 'Imola Kacso as Dancer', 'Saruul Delgerbayar as Alla', 'Lambert Wilson as Marquis de Chassagne', 'Roxane Duran as Marguerite', 'Barnabás Réti as Young Admirer', 'Albert Réka as Dancer', 'Murányi Panka as Portia', 'Declan Hannigan as French Businessman', 'Igor Szasz as Jean Gabin', 'Delroy Atkinson as Chandler', 'László Takács as Dancer', 'Vivien Hirtenreiter as Dancer', 'Sába Kapás as France', 'Timea Takacs as Dancer', 'Zsolt Páll as Monsieur Avallon', 'Ramóna Takács as Dancer', 'Reka Zsofia Szabo as Dancer', 'Jason Isaacs as Archie', 'Blanka Csasznyi as Dancer', 'Tibor Onodi as Dancer', 'Philippe Bertin as Christian Dior', 'Norbert Márki as Dancer', 'Csongor Füzesi as Dancer', 'Vincent Martin as Michel Simon', 'Bama Balint as Dancer', 'Balázs Csémy as Jean Fabre', 'Melinda Foszto-Liszi as Dancer', 'Péter Végh as Fernandel', 'Beatrix Csák as Dancer', 'Lesley Manville as Ada Harris', 'Jade de Brito Lopes as Helen', 'Harry Szovik as Commissionaire', 'Krisztian Kelemen as Dancer', 'Tamas Fischer as Dancer', 'Isabelle Huppert as Claudine Colbert', 'Mark Csorogi as Dancer', 'Freddie Fox as RAF Officer', 'Wayne Brett as Delivery Man', 'Patrik Adam Keresztes as Dancer', 'Ben Addis as Newspaper Seller', 'Nora Frindik as Dancer', 'Ellen Thomas as Violet Butterfield', 'Zsanett Jakab as Dancer', 'Alba Baptista as Natasha', 'Emese Szabó-Sarkadi as Samantha', 'Eszter Perovics as Dancer', 'Isabella Brett as Caroline', 'Amata Farkas as Dancer', 'Viktor Simon as Dancer', 'Anett Földi as Odile', 'Germaine Queen Ottley as Renée', 'Andras Orosz as Dancer', ""Stephen Saracco as Archie's Boss"", 'Nikolett Koller as Dancer', 'Anna Chancellor as Lady Dant', 'Zsombor Sarosdi as Dancer', 'Christian McKay as Giles Newcombe', 'Guizani Douraied as Taxi Driver'}",excellent
47,Bird Box,"{'horror film', 'post-apocalyptic film', 'thriller film', 'film based on a novel', 'drama film', 'science fiction film'}",2018,"{'Clayton Townsend', 'Chris Morgan'}",Susanne Bier,{'Eric Heisserer'},"{'Parminder Nagra', 'Frank Mottek', 'BD Wong', 'Taylor Handley', 'Happy Anderson', 'Machine Gun Kelly', 'Sandra Bullock', 'Ashley Ann Alvarado', 'Dennis Keiffer', 'Sarah Paulson', 'David Dastmalchian', 'Rebecca Pidgeon', 'Jacki Weaver', 'Tom Hollander', 'Kristopher Logan', 'Lil Rel Howery', 'Keith Jardine', 'Jonathan Chase', 'Trevante Rhodes', 'Pruitt Taylor Vince', 'Rosa Salazar', 'Danielle Macdonald', 'John Malkovich', 'Amy Gumenick'}",R,"{'Jacki Weaver as Cheryl', 'BD Wong as Greg', 'Frank Mottek as News Anchor', 'Ashley Ann Alvarado as Female Marauder', 'Trevante Rhodes as Tom', 'Kristopher Logan as Older Man', 'Sandra Bullock as Malorie', 'Machine Gun Kelly as Felix', 'Rebecca Pidgeon as Lydia', 'Pruitt Taylor Vince as Rick', 'Parminder Nagra as Dr. Lapham', 'John Malkovich as Douglas', 'Danielle Macdonald as Olympia', 'Dennis Keiffer as Marauder', 'Jonathan Chase as News Anchor', 'Tom Hollander as Gary', 'David Dastmalchian as Whistling Marauder', 'Amy Gumenick as Samantha', 'Lil Rel Howery as Charlie', 'Rosa Salazar as Lucy', 'Sarah Paulson as Jessica', 'Happy Anderson as River Man', 'Keith Jardine as Yelling Marauder', 'Taylor Handley as Jason'}",average
48,Amadeus,"{'musical film', 'flashback film', 'biographical film', 'costume drama', 'drama film'}",2013,"{'Saul Zaentz', 'Michael Haussman'}",Miloš Forman,{'Peter Shaffer'},"{'Simon Callow', 'F. Murray Abraham', 'Jeffrey Jones', 'Tom Hulce', 'Christine Ebersole', 'Elizabeth Berridge', 'Roy Dotrice'}",R,"{'Martin Cavani as young Salieri', 'Barbara Bryne as Frau Weber', 'Christine Ebersole as Caterina Cavalieri', 'Tom Hulce as Wolfgang Amadeus Mozart', 'Douglas Seale as Count Arco', 'Roderick Cook as Count von Strack', 'Cassie Stuart as Gertrude Schlumberg', 'Miroslav Sekera as young Mozart', 'Elizabeth Berridge as Constanze Mozart', 'Brian Pettifer as Hospital Attendant', 'Nicholas Kepros as Count Hieronymus von Colloredo', 'Patrick Hines as Kapellmeister Giuseppe Bonno', 'Richard Frank as Father Vogler', 'Roy Dotrice as Leopold Mozart', 'Kenny Baker as Parody Commendatore', ""Vincent Schiavelli as Salieri's Valet"", 'F. Murray Abraham as Antonio Salieri', 'John Strauss as Conductor', 'Cynthia Nixon as Lorl', 'Charles Kay as Orsini-Rosenberg', 'Jeffrey Jones as Emperor Joseph II', 'Kenneth McMillan as Michael Schlumberg', 'Milan Demjanenko as Karl Mozart', 'Jonathan Moore as Baron van Swieten', 'Simon Callow as Emanuel Schikaneder'}",good
49,Indiana Jones and the Last Crusade,"{'treasure hunt film', 'adventure film', 'action comedy film'}",1989,"{'George Lucas', 'Robert Watts'}",Steven Spielberg,"{'Tom Stoppard', 'Jeffrey Boam', 'George Lucas', 'Philip Kaufman', 'Menno Meyjes'}","{'Paul Maxwell', 'Isla Blair', 'Alex Hyde-White', 'Larry Sanders', 'Ronald Lacey', 'Alison Doody', 'Harrison Ford', 'Suzanne Roquette', 'Nick Gillard', 'Kevork Malikyan', 'Richard Young', 'Denholm Elliott', 'Michael Byrne', 'Pat Roach', 'River Phoenix', 'Bradley Gregg', 'Eugene Lipinski', 'Alexei Sayle', 'Julian Glover', 'Michael Sheard', 'Robert Eddison', 'Sean Connery', 'Vernon Dobtcheff', 'John Rhys-Davies'}",PG-13,"{'Vernon Dobtcheff as Butler', 'Eugene Lipinski as agent G-Man', 'Kevork Malikyan as Kazim', 'Alison Doody as Elsa Schneider', 'Michael Byrne as Ernst Vogel', 'Richard Young as Garth «Fedora»', 'Robert Eddison as the Grail Knight', 'Pat Roach as Nazi', 'Paul Maxwell as the man with the Panama Hat', 'Alexei Sayle as the sultan of Hatay'}",good
50,Iron Man 2,"{'adventure film', 'action film', 'science fiction film', 'superhero film'}",2010,{'Kevin Feige'},Jon Favreau,{'Justin Theroux'},"{'Olivia Munn', 'Leslie Bibb', 'Sam Rockwell', 'Christiane Amanpour', 'Clark Gregg', 'Robert Downey Jr.', 'Tanoai Reed', 'John Slattery', 'Mickey Rourke', 'Yevgeni Lazarev', 'Keith Middlebrook', 'James Bethea', 'Scarlett Johansson', 'Elon Musk', 'Don Cheadle', 'Kate Mara', 'DJ AM', 'Helena Mattsson', 'Ali Khan', 'Isaiah Guyman Martin IV', 'Lumi Docan', 'Phillipe Simon', 'Tim Guinee', ""Bill O'Reilly"", 'Davin Ransom', 'Gwyneth Paltrow', 'Brian Schaeffer', 'Margy Stein', 'François Duhamel', 'Eric L. Haney', 'Philippe Bergeron', 'Garry Shandling', 'Anya Monzikova', 'Jack White', 'Kate Clark', 'Jon Favreau', 'Larry Ellison', 'Karim Saleh', 'Alejandro Patino', 'Michael Bruno', 'Stan Lee', 'Samuel L. Jackson'}",PG-13,"{'Gwyneth Paltrow as Pepper Potts', 'Stan Lee as Himself', 'Philippe Bergeron as Detective Lemieux', 'Davin Ransom as Young Tony Stark', 'Kate Clark as Expo Fan', 'Jack White as Jack', 'Lumi Docan as Russian Newscaster', 'Margy Stein as Bambi Arbogast', 'Larry Ellison as Himself', 'Phillipe Simon as French Waiter', 'Clark Gregg as Agent Coulson', 'Samuel L. Jackson as Nick Fury', 'Yevgeni Lazarev as Anton Vanko', 'Don Cheadle as Lt. Col. James ""Rhodey"" Rhodes', 'Anya Monzikova as Rebeka', 'Elon Musk as Himself', 'Michael Bruno as Security Force #2', 'Eric L. Haney as General Meade', 'Keith Middlebrook as Expo Cop', 'James Bethea as Security Force #1', 'Helena Mattsson as Rebecca', 'Jon Favreau as Happy Hogan', 'Sam Rockwell as Justin Hammer', 'DJ AM as Himself', 'Brian Schaeffer as Hammer Expo Tech', 'Karim Saleh as Guard', 'Leslie Bibb as Christine Everhart', 'John Slattery as Howard Stark', 'Kate Mara as U.S. Marshal', 'Ali Khan as 10 Rings Gangster', 'Mickey Rourke as Ivan Vanko', 'Alejandro Patino as Strawberry Vendor', 'Garry Shandling as Senator Stern', 'Christiane Amanpour as Herself', 'François Duhamel as French Photographer', 'Scarlett Johansson as Natalie Rushman/Natasha Romanoff', 'Olivia Munn as Chess Roberts', 'Tim Guinee as Major Allen', 'Isaiah Guyman Martin IV as AV Operator', ""Bill O'Reilly as Himself"", 'Robert Downey Jr. as Tony Stark'}",excellent
51,Captain America: The Winter Soldier,"{'superhero film', 'action film', 'adventure film', 'science fiction film'}",2014,{'Kevin Feige'},Joe Russo,"{'Stephen McFeely', 'Christopher Markus'}","{'Emerson Brooks', 'Danny Pudi', 'Emily VanCamp', 'Dominic Rains', 'Nestor Serrano', 'Christopher Markus', 'Maximiliano Hernández', 'Angela Russo-Otstot', ""Adetokumboh M'Cormack"", 'Brian Duffy', 'Bernard White', 'Toby Jones', 'Derek Hughes', 'Sebastian Stan', 'Frank Grillo', 'Georges St-Pierre', 'Henry Goodman', 'Ann Russo', 'Jody Hart', 'Branka Katić', 'Scarlett Johansson', 'Jon Sklaroff', 'Jeremy Maxwell', 'Ricardo Chacon', 'Alan Dale', 'Evan Parke', 'Chin Han', 'Ethan Rains', 'Cobie Smulders', 'Joe Russo', 'Ed Brubaker', 'Eddie J. Fernandez', 'DC Pierson', 'Pat Healy', 'Chad Todhunter', 'Allan Chanes', 'Thomas Kretschmann', 'Jenny Agutter', 'Steven Culp', 'Andy Martinez Jr.', 'Zack Duhame', 'Anne Grimenstein', 'Samuel L. Jackson', 'Stephen McFeely', 'Michael De Geus', 'Bernard Zilinskas', 'Joe Rosalina', 'Anthony Mackie', 'Callan Mulvey', 'Christopher George Sarris', 'Abigail Marlowe', 'Griff Allen', 'Robert Redford', 'Chris Evans', 'Wendy Hoopes', 'Charles Wittman', 'Hayley Atwell', 'Michael Debeljak', 'Garry Shandling', ""Terence O'Rourke"", 'Dante Rosalina', 'Aaron Himelstein', 'Elizabeth Olsen', 'Salvator Xuereb', 'Stan Lee', 'Aaron Taylor-Johnson'}",PG-13,"{'Michael De Geus as FBI Agents', 'Eddie J. Fernandez as Strike Agents', 'Bernard White as Councilman Singh', 'Pat Healy as Scientist #1', 'Zack Duhame as Engine Pirate', 'Joe Russo as Dr. Fine', 'Allan Chanes as Launch Tech #2', 'Robert Redford as Alexander Pierce', 'Christopher George Sarris as Skinny Steve', 'Chad Todhunter as Charlie Weapons Tech', 'Emerson Brooks as Senior SHIELD Agent', 'Scarlett Johansson as Natasha Romanoff / Black Widow', 'Emily VanCamp as Kate / Agent 13', 'Anthony Mackie as Sam Wilson / Falcon', 'Samuel L. Jackson as Nick Fury', 'Sebastian Stan as Bucky Barnes / Winter Soldier', 'Aaron Himelstein as Launch Tech #1', 'Cobie Smulders as Maria Hill', ""Terence O'Rourke as FBI Agents"", 'Wendy Hoopes as Doctor', 'Stan Lee as Smithsonian Guard', 'Evan Parke as SHIELD Agent', 'Steven Culp as Scudder', 'Jenny Agutter as Councilwoman Hawley', 'Dante Rosalina as Little Boy in the Smithsonian', 'Michael Debeljak as Strike Agents', 'Callan Mulvey as Jack Rollins', 'Andy Martinez Jr. as Capitol Hill Police', 'Charles Wittman as Capitol Hill Police', 'Chin Han as Councilman Yen', 'Danny Pudi as Com Tech #1', 'Ann Russo as Strike Agents', 'Stephen McFeely as SHIELD Interrogator #2', 'Salvator Xuereb as French Pirate #1', ""Adetokumboh M'Cormack as French Radio Pirate"", 'Ethan Rains as Lead EMT', 'Derek Hughes as Human Resources Executive', 'Ricardo Chacon as Strike SGT. #1', 'Ed Brubaker as Scientist #2', 'Angela Russo-Otstot as Garcia', 'Griff Allen as Strike SGT. #2', 'Jody Hart as 25th Floor Strike Agent', 'DC Pierson as Apple Employee', 'Maximiliano Hernández as Jasper Sitwell', 'Dominic Rains as CIA Instructor', 'Hayley Atwell as Peggy Carter', 'Joe Rosalina as Strike Agents', 'Brian Duffy as French Pirate #2', 'Garry Shandling as Senator Stern', 'Toby Jones as Dr. Arnim Zola', 'Christopher Markus as SHIELD Interrogator #1', 'Chris Evans as Steve Rogers / Captain America', 'Georges St-Pierre as Georges Batroc', 'Abigail Marlowe as SHIELD Tech', 'Branka Katić as Renata', 'Bernard Zilinskas as Com Tech #2', 'Frank Grillo as Brock Rumlow', 'Jeremy Maxwell as Lead SHIELD Pilot', 'Alan Dale as Councilman Rockwell', 'Anne Grimenstein as Committee Member', 'Jon Sklaroff as Charlie XO'}",good
52,Indiana Jones and the Temple of Doom,"{'treasure hunt film', 'action film', 'adventure film'}",1984,{'Robert Watts'},Steven Spielberg,"{'George Lucas', 'Gloria Katz', 'Willard Huyck'}","{'Roshan Seth', 'Kathleen Kennedy', 'D. R. Nanayakkara', 'Frank Marshall', 'Roy Chiao', 'George Lucas', 'Dan Aykroyd', 'Amrish Puri', 'Ric Young', 'Ke Huy Quan', 'Harrison Ford', 'Ron Taylor', 'Tress MacNeille', 'Kate Capshaw', 'Katie Leigh', 'Pat Roach', 'Steven Spielberg', 'Philip Stone', 'David Yip'}",PG,"{'Kate Capshaw as Willie Scott', 'Amrish Puri as Mola Ram', 'Roshan Seth as Chattar Lal', 'Harrison Ford as Indiana Jones', ""Ron Taylor as Chiao's voice"", 'David Yip as Wu Han', 'Philip Stone as Captain Philip Blumburtt', 'Pat Roach as the Thuggee overseer', 'Ric Young as Kao Kan', 'Roy Chiao as Lao Che', 'Frank Marshall as cameo at the airport', 'Tress MacNeille as voice of slave child', 'Katie Leigh as Zalim Singh’s voice', 'Ke Huy Quan as Short Round', 'Dan Aykroyd as cameo at the airport', 'George Lucas as cameo at the airport', 'Steven Spielberg as cameo at the airport', 'Kathleen Kennedy as cameo at the airport', 'D. R. Nanayakkara as Shaman'}",average
53,Iron Man 3,"{'action film', 'adventure film', 'superhero film', 'comedy film', 'science fiction film'}",2013,{'Kevin Feige'},Shane Black,"{'Drew Pearce', 'Larry Lieber', 'Don Heck', 'Warren Ellis', 'Jack Kirby', 'Shane Black', 'Stan Lee'}","{'Paul Bettany', 'Spencer Garrett', 'Ilram Choi', 'Steve Wilder', 'Jacob Dewitt', 'Joan Rivers', 'Matthew Sterling Nye', 'Mike Massa', 'Robert Downey Jr.', 'Kary Musa', 'Sala Baker', 'Drew Michael Hershner', 'Johanna Yunda', ""Paul Andrew O'Connor"", 'Tom Clark', 'Anthony Reynolds', 'William Sadler', 'Thomas Roberts', 'Aurelia Riley', 'Pat Kiernan', 'Gwyneth Paltrow', 'Wesley Thompson', 'Rebecca Hall', 'Mark Ginther', 'Guy Pearce', 'Bobby Tisdale', 'Gwendalyn Barker', 'Jon Favreau', 'Glenn Foster', 'Naomi Grace', 'Fernando Chien', 'Dale Dickey', 'Bill Maher', 'Dennis Keiffer', 'Kial Butler', 'James Rackley', 'Adam Lytle', 'Phil Ortiz', 'Rebecca Mader', 'Colin Follenweider', 'Tom Virtue', 'Roy McCrerey', 'Wang Xueqi', 'Kendrick Cross', 'Philip J Silvera', 'Jan Broberg Felt', 'Adrian Gonzales', 'Sarah Farooqui', 'Mark Ruffalo', 'Monique Ganderton', 'Rockey Dickey Jr.', 'Miguel Ferrer', 'Yvonne Zima', 'Josh Elliott', 'Kiante Elam', 'Nate Bynum', 'Ashley Hamilton', 'Andrew Lauer', 'Chad Kurtz', 'Don Cheadle', 'Dane Farwell', 'James Badge Dale', 'Nick Brandon', 'J.C. Robaina', 'Tara Macken', 'Stephanie Szostak', ""Bronte D'Esposito"", 'Brooke Jaye Taylor', 'Mark Fichera', 'Aja Frary', 'Luciana Faulhaber', 'David Anthony Buglione', 'Noah Visconti', 'Brian Schaeffer', 'Cullen Moss', 'Markos Rounthwaite', 'Samuel Le', 'Eric Oram', 'Demetrios Hodges', 'Toochukwu T.C. Anyachonkeya', 'Bridger Zadina', 'Stan Lee', 'Corey Hawkins', 'Jade Quon', 'Martin Škrtel', 'George Kotsiopoulos', 'Juan Bofill', 'William Morts', 'Adam Pally', 'Mark Aaron Wagner', 'Kim Dean', 'Kevin Arnold', 'Ty Simpkins', 'Ben Kingsley', 'Dan Brown', 'Andrew Lander', 'John Eddins', 'Megan Henderson', 'Cal Johnson', 'Mark Kubr', 'Fan Bingbing', 'Sarah Burkhardt', 'Jenna Ortega', 'Shaun Toub', 'Linden Ashby', 'Brycen Counts', 'Serdar Kalsin', 'Brian Simpson'}",PG-13,"{""Andrew Lander as Vice President's Analyst"", 'Tara Macken as Extremis Soldiers', 'Stephanie Szostak as Brandt', 'Naomi Grace as AIM Ping Pong Girls', 'Kary Musa as Mandarin Party Girl #2', ""Noah Visconti as Neptune's Net Boy"", 'Spencer Garrett as Rose Hill Sheriff', 'Ilram Choi as Extremis Soldiers', ""Roy McCrerey as President's Aide"", 'Shaun Toub as Ho Yinsen', 'Jon Favreau as Happy Hogan', 'J.C. Robaina as Extremis Soldiers', 'Colin Follenweider as Extremis Soldiers', 'Corey Hawkins as Navy Op', 'Mark Aaron Wagner as Extremis Soldiers', 'Mark Ginther as Extremis Soldiers', 'Dennis Keiffer as Extremis Soldiers', 'Aurelia Riley as AIM Ping Pong Girls', 'George Kotsiopoulos as Himself', 'Miguel Ferrer as Vice President Rodriguez', 'Andrew Lauer as Satellite Technician', 'Bobby Tisdale as Pageant Emcee', 'Juan Bofill as Mandarin Guards', 'Kiante Elam as Extremis Soldiers', 'Gwyneth Paltrow as Pepper Potts', 'Sarah Farooqui as Heather', 'Wang Xueqi as Doctor Wu', 'Ben Kingsley as Trevor Slattery', ""Paul Andrew O'Connor as Mandarin Guards"", 'Gwendalyn Barker as Sleepy Mandarin Girl', 'John Eddins as Mandarin Look-Out', 'Sala Baker as Extremis Soldiers', 'Kim Dean as Hospital News Reporter', 'Thomas Roberts as Himself', 'Johanna Yunda as AIM Ping Pong Girls', 'Toochukwu T.C. Anyachonkeya as Iron Patriot Fan #1', 'Mark Fichera as Extremis Soldiers', 'Cal Johnson as Air Force One Officer', 'Jacob Dewitt as Room Service Waiter', 'Fernando Chien as Extremis Soldiers', 'Chad Kurtz as Iron Patriot Fan #2', 'Sarah Burkhardt as Junior Technician', 'Aja Frary as Extremis Soldiers', 'William Sadler as President Ellis', 'Rockey Dickey Jr. as Rose Hill Deputy', 'Eric Oram as Reluctant AIM Guard', 'Markos Rounthwaite as Extremis Soldiers', ""Bronte D'Esposito as Neptune's Net Girl"", 'David Anthony Buglione as Mandarin Guards', 'Cullen Moss as Extremis Candidate', 'Pat Kiernan as Himself', 'Dane Farwell as Extremis Soldiers', 'Adam Lytle as Mandarin Guards', 'Adam Pally as Gary the Cameraman', 'Bill Maher as Himself', 'Wesley Thompson as Secret Service Agent', 'Rebecca Hall as Maya Hansen', 'Mark Kubr as Ponytail Express', 'Linden Ashby as Commander', 'Demetrios Hodges as Laughing Insurgent', ""Jenna Ortega as Vice President's Daughter"", 'Adrian Gonzales as Extremis Soldiers', 'Yvonne Zima as Miss Elk Ridge', 'Philip J Silvera as Extremis Soldiers', 'Joan Rivers as Herself', 'Kendrick Cross as Helicopter Pilot #2', 'Samuel Le as Extremis Soldiers', 'Rebecca Mader as Sweat Shop Agent', 'Nick Brandon as Extremis Soldiers', 'William Morts as Extremis Soldiers', 'Tom Virtue as Thomas Richards', 'Serdar Kalsin as Scared Insurgent', 'Stan Lee as Pageant Judge', 'Tom Clark as Reporter at House Wreckage', 'Brycen Counts as Extremis Soldiers', 'Don Cheadle as Colonel James Rhodes', 'Megan Henderson as Herself', 'Jan Broberg Felt as Senior Technician', ""Mike Massa as Tony's Guard"", 'Guy Pearce as Aldrich Killian', 'Ashley Hamilton as Taggart', 'Steve Wilder as Annoyed Mandarin Guard', 'Dale Dickey as Mrs. Davis', 'Glenn Foster as Pushy Tabloid Reporter', 'Kial Butler as Extremis Soldiers', 'James Rackley as Chad Davis', 'Brian Simpson as Extremis Soldiers', 'Phil Ortiz as Mandarin Guards', 'Nate Bynum as Technical Director', 'Luciana Faulhaber as Mandarin Party Girl #1', ""Brooke Jaye Taylor as Happy's Nurse"", 'Ty Simpkins as Harley Keener', 'Kevin Arnold as Mandarin Guards', 'Dan Brown as Extremis Soldiers', 'Anthony Reynolds as Helicopter Pilot #1', 'Jacob Dewitt as Extremis Soldiers', 'James Badge Dale as Savin', 'Jade Quon as Extremis Soldiers', 'Brian Schaeffer as Mandarin Studio Technician', 'Matthew Sterling Nye as Annoying Conference Guy', 'Josh Elliott as Himself', 'Drew Michael Hershner as Rose Hill Christmas Tree Shopper', 'Robert Downey Jr. as Tony Stark', 'Rockey Dickey Jr. as Extremis Soldiers'}",average
54,Baby Driver,"{'crime-comedy film', 'action film', 'adventure film', 'action comedy film'}",2017,{'Tim Bevan'},Edgar Wright,{'Edgar Wright'},"{'Kevin Spacey', 'Jon Hamm', 'Eiza Gonzalez', 'CJ Jones', 'Jamie Foxx', 'Lily James', 'Jon Bernthal', 'Ansel Elgort'}",R,"{'CJ Jones as Joseph', 'Ansel Elgort as Baby', 'Lily James as Debora', 'Jon Hamm as Buddy', 'Jon Bernthal as Griff', 'Kevin Spacey as Doc', 'Eiza Gonzalez as Darling', 'Jamie Foxx as Bats'}",excellent
55,Spencer,"{'drama film', 'biographical film'}",2022,"{'Pablo Larraín', 'Paul Webster', 'Jonas Dornbach', 'Janine Jackowski', 'Maren Ade', 'Juan de Dios Larraín'}",Pablo Larraín,{'Steven Knight'},"{'Amy Manson', 'Richard Sammel', 'Mathias Wolkowski', 'Stella Gonet', 'Emma Darwall-Smith', 'Elizabeth Berrington', 'Kristen Stewart', 'Sean Harris', 'James Harkness', 'Timothy Spall', 'Jack Farthing', 'Kimia Schmidt', 'John Keogh', 'Greta Bücker', 'Niklas Kohrt', 'Sally Hawkins', 'Jack Nielen', 'Ryan Wichert', 'Freddie Spry', 'Oriana Gordon', 'Thomas Douglas'}",R,"{'Timothy Spall as Equerry Major Alistair Gregory', 'John Keogh as Michael', 'Sean Harris as Royal Head Chef Darren McGrady', 'Amy Manson as Anne Boleyn', 'Oriana Gordon as Lady Sarah Armstrong-Jones', 'Jack Nielen as Prince William', 'Stella Gonet as Queen Elizabeth II', 'James Harkness as Footman Paul', 'Jack Farthing as Charles, Prince of Wales', 'Niklas Kohrt as Prince Andrew, Duke of York', 'Ryan Wichert as Staff Sergeant Wood', 'Greta Bücker as late-teenage Diana', 'Freddie Spry as Prince Harry', 'Emma Darwall-Smith as Camilla Parker Bowles', 'Sally Hawkins as Royal Dresser Maggie', 'Mathias Wolkowski as Prince Edward', 'Kimia Schmidt as nine-year-old Diana', 'Richard Sammel as Prince Philip, Duke of Edinburgh', 'Thomas Douglas as John Spencer, 8th Earl Spencer', 'Kristen Stewart as Diana, Princess of Wales', 'Elizabeth Berrington as Anne, Princess Royal'}",good
56,Ad Astra,"{'epic film', 'thriller film', 'science fiction film'}",2019,"{'Dede Gardner', 'Jeremy Kleiner', 'Anthony Katagas', 'Brad Pitt'}",James Gray,"{'James Gray', 'Ethan Gross'}","{'Kimberly Elise', 'Ravi Kapoor', 'Donald Sutherland', 'Jamie Kennedy', 'Liv Tyler', 'John Ortiz', 'Greg Bryk', 'LisaGay Hamilton', 'Ruth Negga', 'Loren Dean', 'Tommy Lee Jones', 'Alyson Reed', 'John Finn', 'Brad Pitt'}",PG-13,"{'Ruth Negga as Helen Lantos', 'Loren Dean as Donald Stanford', 'Alyson Reed as Janice Collins', 'LisaGay Hamilton as Adjutant General Amelia Vogel', 'Liv Tyler as Eve McBride', 'Jamie Kennedy as Peter Bello', 'Tommy Lee Jones as H. Clifford McBride', 'Greg Bryk as Chip Garnes', 'Ravi Kapoor as Arjun Dhariwal', 'Brad Pitt as Major Roy McBride', 'Kimberly Elise as Lorraine Deavers', 'Donald Sutherland as Colonel Pruitt', 'John Ortiz as Lieutenant General Rivas'}",good
57,The Hunt for Red October,"{'submarine film', 'action film', 'thriller film', 'war film', 'film based on a novel', 'spy film', 'political thriller film', 'drama film'}",1990,{'Mace Neufeld'},John McTiernan,"{'Larry Ferguson', 'John Milius'}","{'Ping Wu', 'Alec Baldwin', 'Anthony Peck', 'Larry Ferguson', 'Sam Neill', 'Scott Glenn', 'Gates McFadden', 'Jeffrey Jones', 'Daniel Davis', 'Ned Vaughn', 'Andrew Divoff', 'Joss Ackland', 'Ronald Guttman', ""Ivan G'Vera"", 'Stellan Skarsgård', 'Peter Zinner', 'Tomas Arana', 'Courtney B. Vance', 'James Earl Jones', 'Timothy Carhart', 'Richard Jordan', 'Fred Thompson', 'Tim Curry', 'Sven-Ole Thorsen', 'Rick Ducommun', 'Peter Firth', 'Peter Jason', 'Sean Connery'}",PG,"{'Gates McFadden as Caroline/Cathy Ryan', 'Sam Neill as Captain 2nd rank Vasily Borodin', 'Rick Ducommun as C-2A Navigator', 'Stellan Skarsgård as Captain 2nd rank Viktor Tupolev', 'Fred Thompson as Rear Admiral Joshua Painter', 'Tomas Arana as Loginov', 'Daniel Davis as Captain Charlie Davenport', 'Peter Jason as USS Reuben James Commanding Officer', 'James Earl Jones as Vice Admiral James Greer', 'Joss Ackland as Andrei Lysenko', 'Ned Vaughn as Seaman Beaumont', 'Anthony Peck as Lt. Commander Thompson', 'Alec Baldwin as Jack Ryan', 'Peter Firth as Ivan Putin', 'Larry Ferguson as Master Chief Petty Officer Watson', 'Timothy Carhart as Lt. Commander Bill Steiner', 'Tim Curry as Dr. Petrov', 'Richard Jordan as Jeffrey Pelt', 'Ronald Guttman as Lt. Melekhin', 'Scott Glenn as Commander Bart Mancuso', 'Courtney B. Vance as Petty Officer Jones', 'Sean Connery as Captain 1st rank Marko Ramius', 'Jeffrey Jones as Skip Tyler'}",good
58,Brightburn,"{'horror film', 'superhero film'}",2019,"{'Brian Gunn', 'Kenneth Huang', 'Dan Clifton', 'Mark Gunn', 'James Gunn'}",David Yarovesky,"{'Mark Gunn', 'Brian Gunn'}","{'Jennifer Holland', 'Meredith Hagner', 'Elizabeth Banks', 'David Denman', 'Matt L. Jones'}",R,"{'Elizabeth Banks as Tori Breyer', 'David Denman as Kyle Breyer', 'Matt L. Jones as Noah McNichol', 'Meredith Hagner as Merilee McNichol'}",average
59,Yesterday,"{'drama film', 'alternate history film', 'comedy film', 'musical film'}",2019,"{'Bernard Bellew', 'Eric Fellner', 'Tim Bevan', 'Richard Curtis', 'Liza Chasin', 'Danny Boyle'}",Danny Boyle,{'Richard Curtis'},"{'Alex Arnold', 'Jennifer Armour', 'Ed Sheeran', 'Elizabeth Berrington', 'Camilla Rutherford', 'Karl Theobald', 'Ana de Armas', 'Meera Syal', 'Javone Prince', 'Maryana Spivak', 'James Corden', 'Sophia Di Martino', 'Kate McKinnon', 'Joel Fry', 'Lily James', 'Gus Brown', 'Lamorne Morris', 'Sarah Lancashire', 'Sanjeev Bhaskar', 'Harry Michell', 'Vincent Franklin', 'Himesh Patel', 'Camille Chen', 'Ellise Chappell', 'Justin Edwards', 'Robert Carlyle'}",PG-13,"{'Kate McKinnon as Debra', 'Sophia Di Martino as Carol', 'Harry Michell as Nick', 'Javone Prince as Hans', 'Maryana Spivak as Alexa', 'Ana de Armas as Roxanne', 'Gus Brown as Marcus', 'Justin Edwards as Leo', 'Vincent Franklin as Brian', 'Camilla Rutherford as Hilary', 'Himesh Patel as Jack Malik', 'Camille Chen as Wendy', 'Sarah Lancashire as Liz', 'Lily James as Ellie', 'Karl Theobald as Terry', 'Sanjeev Bhaskar as Jed Malik', 'Elizabeth Berrington as Hazel', 'Alex Arnold as Gavin', 'Joel Fry as Rocky', 'Ellise Chappell as Lucy', 'Meera Syal as Sheila Malik'}",average